,index,address,area,bathrooms,bedrooms,city_state,dates,days_on_Trulia,events,listing_information,listing_information_date_updated,lot_size,lot_size_units,neighborhood,overview,price,price_history,price_per_square_foot,prices,public_records,public_records_date_updated,url,views,year_built,zipcode,median_income,mean_income,population,ID,distance_steps,distance_trip,duration_steps,duration_trip,mode_steps,vehicle_steps,line_steps,latitude,longitude
0,2300,1255 S State St,880.0,1.0,1.0,"Chicago, IL 60605",,1.0,,"['1 Bedroom', '1 Bathroom', 'Multi-Family', '880 Square Feet', 'Lot Size: 0.81 acres']",06/22/2018,0.81,acres,&lpar;South Loop&rpar;,"['Multi-Family', '1 Bed', '1 Bath', 'Built in 2008', '241 days on Trulia', '0.81 acres lot size', '880 sqft', '$329/sqft', '261 views', '$585/monthly HOA']",289900.0,,329.0,,,,https://www.trulia.com/p/il/chicago/1255-s-state-st-chicago-il-60605--2103781582,261.0,2008.0,60605.0,74841,103954.0,24668,2300,"['0.2 km', '2.0 km', '0.2 km']",['2.4 km'],"['3 mins', '5 mins', '3 mins']",['10 mins'],"['WALKING', 'TRANSIT', 'WALKING']",['SUBWAY'],['Red Line'],[41.8661615],[-87.62727939999999]
1,2301,1160 S Michigan Ave #3603,1511.0,2.0,2.0,"Chicago, IL 60605",,7.0,,"['2 Bedrooms', '2 Bathrooms', 'Condo', '1,511 Square Feet']",09/19/2018,,,&lpar;South Loop&rpar;,"['Condo', '2 Beds', '2 Baths', 'Built in 2005', '207 days on Trulia', '1,511 sqft', '$364/sqft', '171 views', '$636/monthly HOA']",550000.0,,364.0,,,,https://www.trulia.com/p/il/chicago/1160-s-michigan-ave-3603-chicago-il-60605--2103777991,171.0,2005.0,60605.0,74841,103954.0,24668,2301,"['0.2 km', '2.0 km', '0.2 km']",['2.5 km'],"['3 mins', '5 mins', '3 mins']",['11 mins'],"['WALKING', 'TRANSIT', 'WALKING']",['SUBWAY'],['Red Line'],[41.8677505],[-87.6242582]
2,2302,1335 S Prairie Ave #1409,1380.0,2.0,2.0,"Chicago, IL 60605","['09/18/2018', '07/17/2018', '05/23/2018', '05/22/2018']",6.0,"['Price change', 'Posting removed', 'Price change', 'Listed for sale']","['2 Bedrooms', '2 Bathrooms', 'Condo', '1,380 Square Feet']",09/18/2018,,,&lpar;South Loop&rpar;,"['Condo', '2 Beds', '2 Baths', 'Built in 2003', '136 days on Trulia', '1,380 sqft', '$351/sqft', '50 views', '$454/monthly HOA']",484500.0,"[['2018-05-22 00:00:00', 555555, 'Listed for sale'], ['2018-05-23 00:00:00', 499000, 'Price change'], ['2018-07-17 00:00:00', 499000, 'Posting removed'], ['2018-09-18 00:00:00', 484500, 'Price change']]",351.0,"['$484,500', '$499,000', '$499,000', '$555,555']","['Condo', 'Lot Size: 2.46 acres']",10/01/2017,https://www.trulia.com/p/il/chicago/1335-s-prairie-ave-1409-chicago-il-60605--2103783659,50.0,2003.0,60605.0,74841,103954.0,24668,2302,"['0.8 km', '2.0 km', '0.2 km']",['3.0 km'],"['10 mins', '5 mins', '3 mins']",['17 mins'],"['WALKING', 'TRANSIT', 'WALKING']",['SUBWAY'],['Red Line'],[41.8648254],[-87.62088020000002]
3,2303,1101 S State St #1105,800.0,1.0,1.0,"Chicago, IL 60605",,1.0,,"['1 Bedroom', '1 Bathroom', 'Condo', '800 Square Feet']",10/02/2018,,,&lpar;South Loop&rpar;,"['Condo', '1 Bed', '1 Bath', 'Built in 2005', '121 days on Trulia', '800 sqft', '$312/sqft', '376 views', '$686/monthly HOA']",249900.0,,312.0,,,,https://www.trulia.com/p/il/chicago/1101-s-state-st-1105-chicago-il-60605--2172294596,376.0,2005.0,60605.0,74841,103954.0,24668,2303,"['0.2 km', '2.0 km', '0.2 km']",['2.5 km'],"['3 mins', '5 mins', '3 mins']",['11 mins'],"['WALKING', 'TRANSIT', 'WALKING']",['SUBWAY'],['Red Line'],[41.8689641],[-87.62734359999999]
4,2304,233 E 13th St #604,851.0,1.0,1.0,"Chicago, IL 60605",,4.0,,"['1 Bedroom', '1 Bathroom', 'Condo', '851 Square Feet']",06/18/2018,,,&lpar;South Loop&rpar;,"['Condo', '1 Bed', '1 Bath', 'Built in 2005', '144 days on Trulia', '851 sqft', '$435/sqft', '48 views', '$557/monthly HOA']",370000.0,,435.0,,,,https://www.trulia.com/p/il/chicago/233-e-13th-st-604-chicago-il-60605--2103789013,48.0,2005.0,60605.0,74841,103954.0,24668,2304,"['0.7 km', '2.0 km', '0.2 km']",['2.9 km'],"['9 mins', '5 mins', '3 mins']",['16 mins'],"['WALKING', 'TRANSIT', 'WALKING']",['SUBWAY'],['Red Line'],[41.86579030000001],[-87.62085809999999]
5,2305,40 E 9th St #1310C,1500.0,3.0,3.0,"Chicago, IL 60605",['04/30/2018'],8.0,['Listed for sale'],"['3 Bedrooms', '3 Bathrooms', 'Condo', '1,500 Square Feet']",04/30/2018,,,&lpar;South Loop&rpar;,"['Condo', '3 Beds', '3 Baths', 'Built in 1921', '158 days on Trulia', '1,500 sqft', '$333/sqft', '340 views', '$1,300/monthly HOA']",499000.0,"[['2018-04-30 00:00:00', 499000, 'Listed for sale']]",333.0,"['$499,000']","['Condo', 'Lot Size: 1.53 acres']",10/01/2017,https://www.trulia.com/p/il/chicago/40-e-9th-st-1310c-chicago-il-60605--2103789375,340.0,1921.0,60605.0,74841,103954.0,24668,2305,"['0.5 km', '1.2 km', '0.2 km']",['2.0 km'],"['6 mins', '4 mins', '3 mins']",['13 mins'],"['WALKING', 'TRANSIT', 'WALKING']",['SUBWAY'],['Red Line'],[41.87057960000001],[-87.62638640000002]
6,2306,1160 S Michigan Ave #1305,1485.0,2.0,2.0,"Chicago, IL 60605","['05/07/2018', '12/31/2017', '09/22/2017', '03/19/2008']",1.0,"['Listed for sale', 'Posting removed', 'Listed for sale', 'Sold']","['2 Bedrooms', '2 Bathrooms', 'Condo', '1,485 Square Feet']",05/07/2018,,,&lpar;South Loop&rpar;,"['Condo', '2 Beds', '2 Baths', 'Built in 2007', '151 days on Trulia', '1,485 sqft', '$360/sqft', '245 views', '$574/monthly HOA']",534900.0,"[['2008-03-19 00:00:00', 550000, 'Sold'], ['2017-09-22 00:00:00', 524900, 'Listed for sale'], ['2017-12-31 00:00:00', 524900, 'Posting removed'], ['2018-05-07 00:00:00', 534900, 'Listed for sale']]",360.0,"['$534,900', '$524,900', '$524,900', '$550,000']","['Condo', 'Lot Size: 0.38 acres']",10/01/2017,https://www.trulia.com/p/il/chicago/1160-s-michigan-ave-1305-chicago-il-60605--2103777838,245.0,2007.0,60605.0,74841,103954.0,24668,2306,"['0.2 km', '2.0 km', '0.2 km']",['2.5 km'],"['3 mins', '5 mins', '3 mins']",['11 mins'],"['WALKING', 'TRANSIT', 'WALKING']",['SUBWAY'],['Red Line'],[41.8677505],[-87.6242582]
7,2307,1464 S Michigan Ave #2206,750.0,1.0,1.0,"Chicago, IL 60605","['11/02/2017', '10/19/2017']",1.0,"['Price change', 'Listed for sale']","['1 Bedroom', '1 Bathroom', 'Condo', '750 Square Feet']",11/02/2017,,,&lpar;South Loop&rpar;,"['Condo', '1 Bed', '1 Bath', 'Built in 2008', '351 days on Trulia', '750 sqft', '$399/sqft', '197 views', '$279/monthly HOA']",299000.0,"[['2017-10-19 00:00:00', 299900, 'Listed for sale'], ['2017-11-02 00:00:00', 299000, 'Price change']]",399.0,"['$299,000', '$299,900']","['Condo', 'Lot Size: 0.7 acres']",10/01/2017,https://www.trulia.com/p/il/chicago/1464-s-michigan-ave-2206-chicago-il-60605--2103785529,197.0,2008.0,60605.0,74841,103954.0,24668,2307,"['0.8 km', '2.0 km', '0.2 km']",['3.0 km'],"['10 mins', '5 mins', '3 mins']",['17 mins'],"['WALKING', 'TRANSIT', 'WALKING']",['SUBWAY'],['Red Line'],[41.8622551],[-87.6240735]
8,2308,1430 S Michigan Ave,800.0,1.0,1.0,"Chicago, IL 60605",,5.0,,"['1 Bedroom', '1 Bathroom', 'Condo', '800 Square Feet', 'Lot Size: 0.81 acres']",07/28/2017,0.81,acres,&lpar;South Loop&rpar;,"['Condo', '1 Bed', '1 Bath', 'Built in 2000', '515 days on Trulia', '0.81 acres lot size', '800 sqft', '$296/sqft', '72 views']",236877.0,,296.0,,,,https://www.trulia.com/p/il/chicago/1430-s-michigan-ave-chicago-il-60605--2103784932,72.0,2000.0,60605.0,74841,103954.0,24668,2308,"['0.7 km', '2.0 km', '0.2 km']",['2.9 km'],"['9 mins', '5 mins', '3 mins']",['16 mins'],"['WALKING', 'TRANSIT', 'WALKING']",['SUBWAY'],['Red Line'],[41.863224],[-87.6240969]
9,2309,1235 S Prairie Ave #3501,1529.0,2.0,2.0,"Chicago, IL 60605","['03/13/2018', '02/20/2018', '12/31/2017', '11/10/2017', '11/01/2017', '08/16/2017', '05/15/2017', '12/09/2016', '06/26/2007']",7.0,"['Posting removed', 'Listed for sale', 'Posting removed', 'Posting removed', 'Price change', 'Price change', 'Price change', 'Listed for sale', 'Sold']","['2 Bedrooms', '2 Bathrooms', 'Condo', '1,529 Square Feet']",08/16/2018,,,&lpar;South Loop&rpar;,"['Condo', '2 Beds', '2 Baths', 'Built in 2006', '217 days on Trulia', '1,529 sqft', '$483/sqft', '218 views', '$1,071/monthly HOA']",739000.0,"[['2007-06-26 00:00:00', 950000, 'Sold'], ['2016-12-09 00:00:00', 950000, 'Listed for sale'], ['2017-05-15 00:00:00', 850000, 'Price change'], ['2017-08-16 00:00:00', 815000, 'Price change'], ['2017-11-01 00:00:00', 785000, 'Price change'], ['2017-11-10 00:00:00', 785000, 'Posting removed'], ['2017-12-31 00:00:00', 785000, 'Posting removed'], ['2018-02-20 00:00:00', 775000, 'Listed for sale'], ['2018-03-13 00:00:00', 775000, 'Posting removed']]",483.0,"['$775,000', '$775,000', '$785,000', '$785,000', '$785,000', '$815,000', '$850,000', '$950,000', '$950,000']","['Condo', 'Lot Size: 1.04 acres']",10/01/2017,https://www.trulia.com/p/il/chicago/1235-s-prairie-ave-3501-chicago-il-60605--2103779768,218.0,2006.0,60605.0,74841,103954.0,24668,2309,"['0.6 km', '2.0 km', '0.2 km']",['2.8 km'],"['8 mins', '5 mins', '3 mins']",['15 mins'],"['WALKING', 'TRANSIT', 'WALKING']",['SUBWAY'],['Red Line'],[41.8661038],[-87.62162029999999]
10,2310,1000 S Michigan Ave #6801,3607.0,4.0,4.0,"Chicago, IL 60605",,7.0,,"['4 Bedrooms', '4 Bathrooms', 'Condo', '3,607 Square Feet']",05/22/2018,,,&lpar;South Loop&rpar;,"['Condo', '4 Beds', '4 Baths', 'Built in 2018', '207 days on Trulia', '3,607 sqft', '$1,273/sqft', '213 views', '$2,563/monthly HOA']",4590000.0,,1273.0,,,,https://www.trulia.com/p/il/chicago/1000-s-michigan-ave-6801-chicago-il-60605--2348986828,213.0,2018.0,60605.0,74841,103954.0,24668,2310,"['0.5 km', '2.0 km', '0.2 km']",['2.7 km'],"['6 mins', '5 mins', '3 mins']",['14 mins'],"['WALKING', 'TRANSIT', 'WALKING']",['SUBWAY'],['Red Line'],[41.8699145],[-87.6245084]
11,2311,1000 S Michigan Ave #6803,3120.0,4.0,3.0,"Chicago, IL 60605",,7.0,,"['3 Bedrooms', '4 Bathrooms', 'Condo', '3,120 Square Feet']",05/22/2018,,,&lpar;South Loop&rpar;,"['Condo', '3 Beds', '4 Baths', 'Built in 2018', '207 days on Trulia', '3,120 sqft', '$1,340/sqft', '114 views', '$2,333/monthly HOA']",4180000.0,,1340.0,,,,https://www.trulia.com/p/il/chicago/1000-s-michigan-ave-6803-chicago-il-60605--2348984924,114.0,2018.0,60605.0,74841,103954.0,24668,2311,"['0.5 km', '2.0 km', '0.2 km']",['2.7 km'],"['6 mins', '5 mins', '3 mins']",['14 mins'],"['WALKING', 'TRANSIT', 'WALKING']",['SUBWAY'],['Red Line'],[41.8699145],[-87.6245084]
12,2312,1000 S Michigan Ave #6402,4060.0,5.0,3.0,"Chicago, IL 60605",,7.0,,"['3 Bedrooms', '5 Bathrooms', 'Condo', '4,060 Square Feet']",05/22/2018,,,&lpar;South Loop&rpar;,"['Condo', '3 Beds', '5 Baths', 'Built in 2018', '207 days on Trulia', '4,060 sqft', '$1,342/sqft', '128 views', '$3,043/monthly HOA']",5450000.0,,1342.0,,,,https://www.trulia.com/p/il/chicago/1000-s-michigan-ave-6402-chicago-il-60605--2348983774,128.0,2018.0,60605.0,74841,103954.0,24668,2312,"['0.5 km', '2.0 km', '0.2 km']",['2.7 km'],"['6 mins', '5 mins', '3 mins']",['14 mins'],"['WALKING', 'TRANSIT', 'WALKING']",['SUBWAY'],['Red Line'],[41.8699145],[-87.6245084]
13,2313,1160 S Michigan Ave #2107,1929.0,3.0,3.0,"Chicago, IL 60605",,7.0,,"['3 Bedrooms', '3 Bathrooms', 'Condo', '1,929 Square Feet']",10/02/2018,,,&lpar;South Loop&rpar;,"['Condo', '3 Beds', '3 Baths', 'Built in 2007', '217 days on Trulia', '1,929 sqft', '$399/sqft', '546 views', '$897/monthly HOA']",770000.0,,399.0,,,,https://www.trulia.com/p/il/chicago/1160-s-michigan-ave-2107-chicago-il-60605--2103777896,546.0,2007.0,60605.0,74841,103954.0,24668,2313,"['0.2 km', '2.0 km', '0.2 km']",['2.5 km'],"['3 mins', '5 mins', '3 mins']",['11 mins'],"['WALKING', 'TRANSIT', 'WALKING']",['SUBWAY'],['Red Line'],[41.8677505],[-87.6242582]
14,2314,1211 S Prairie Ave #705,1470.0,2.0,2.0,"Chicago, IL 60605","['09/04/2018', '09/04/2018', '08/15/2018', '07/12/2018', '04/30/2018', '03/22/2018', '04/07/2008']",7.0,"['Price change', 'Posting removed', 'Price change', 'Price change', 'Price change', 'Listed for sale', 'Sold']","['2 Bedrooms', '2 Bathrooms', 'Condo', '1,470 Square Feet']",09/04/2018,,,&lpar;South Loop&rpar;,"['Condo', '2 Beds', '2 Baths', 'Built in 2007', '197 days on Trulia', '1,470 sqft', '$459/sqft', '176 views', '$814/monthly HOA']",675000.0,"[['2008-04-07 00:00:00', 731420, 'Sold'], ['2018-03-22 00:00:00', 775000, 'Listed for sale'], ['2018-04-30 00:00:00', 750000, 'Price change'], ['2018-07-12 00:00:00', 725000, 'Price change'], ['2018-08-15 00:00:00', 699000, 'Price change'], ['2018-09-04 00:00:00', 675000, 'Price change'], ['2018-09-04 00:00:00', 699000, 'Posting removed']]",459.0,"['$675,000', '$699,000', '$699,000', '$725,000', '$750,000', '$775,000', '$731,420']","['Condo', 'Lot Size: 1.24 acres']",10/01/2017,https://www.trulia.com/p/il/chicago/1211-s-prairie-ave-705-chicago-il-60605--2103779260,176.0,2007.0,60605.0,74841,103954.0,24668,2314,"['0.5 km', '2.0 km', '0.2 km']",['2.7 km'],"['7 mins', '5 mins', '3 mins']",['14 mins'],"['WALKING', 'TRANSIT', 'WALKING']",['SUBWAY'],['Red Line'],[41.8667307],[-87.621634]
15,2315,1413 S Prairie Ave,3193.0,3.0,4.0,"Chicago, IL 60605",,8.0,,"['4 Bedrooms', '3 Bathrooms', 'Townhouse', '3,193 Square Feet']",04/02/2018,,,&lpar;South Loop&rpar;,"['Townhouse', '4 Beds', '3 Baths', 'Built in 1997', '218 days on Trulia', '3,193 sqft', '$391/sqft', '140 views', '$547/monthly HOA']",1250000.0,,391.0,,,,https://www.trulia.com/p/il/chicago/1413-s-prairie-ave-chicago-il-60605--2103784829,140.0,1997.0,60605.0,74841,103954.0,24668,2315,"['0.9 km', '2.0 km', '0.2 km']",['3.1 km'],"['12 mins', '5 mins', '3 mins']",['19 mins'],"['WALKING', 'TRANSIT', 'WALKING']",['SUBWAY'],['Red Line'],[41.8631918],[-87.6212882]
16,2316,1464 S Michigan Ave #2401,2300.0,3.0,3.0,"Chicago, IL 60605",,5.0,,"['3 Bedrooms', '3 Bathrooms', 'Condo', '2,300 Square Feet']",10/05/2018,,,&lpar;South Loop&rpar;,"['Condo', '3 Beds', '3 Baths', 'Built in 2007', '185 days on Trulia', '2,300 sqft', '$402/sqft', '121 views', '$1,031/monthly HOA']",924990.0,,402.0,,,,https://www.trulia.com/p/il/chicago/1464-s-michigan-ave-2401-chicago-il-60605--2103785542,121.0,2007.0,60605.0,74841,103954.0,24668,2316,"['0.8 km', '2.0 km', '0.2 km']",['3.0 km'],"['10 mins', '5 mins', '3 mins']",['17 mins'],"['WALKING', 'TRANSIT', 'WALKING']",['SUBWAY'],['Red Line'],[41.8622551],[-87.6240735]
17,2317,1211 S Prairie Ave #901,2920.0,3.0,3.0,"Chicago, IL 60605","['09/04/2018', '05/30/2018', '03/22/2018', '10/30/2017', '09/19/2017', '05/31/2017', '03/16/2017', '03/13/2017', '05/11/2015', '04/11/2015', '02/25/2015', '09/28/2011', '02/21/2011']",8.0,"['Price change', 'Posting removed', 'Price change', 'Price change', 'Listed for sale', 'Posting removed', 'Posting removed', 'Listed for sale', 'Posting removed', 'Price change', 'Listed for sale', 'Posting removed', 'Listed for sale']","['3 Bedrooms', '3 Bathrooms', 'Condo', '2,920 Square Feet']",09/04/2018,,,&lpar;South Loop&rpar;,"['Condo', '3 Beds', '3 Baths', 'Built in 2008', '128 days on Trulia', '2,920 sqft', '$498/sqft', '338 views', '$1,646/monthly HOA']",1455000.0,"[['2011-02-21 00:00:00', 1500000, 'Listed for sale'], ['2011-09-28 00:00:00', 1500000, 'Posting removed'], ['2015-02-25 00:00:00', 1650000, 'Listed for sale'], ['2015-04-11 00:00:00', 1575000, 'Price change'], ['2015-05-11 00:00:00', 1575000, 'Posting removed'], ['2017-03-13 00:00:00', 1595000, 'Listed for sale'], ['2017-03-16 00:00:00', 1595000, 'Posting removed'], ['2017-05-31 00:00:00', 1595000, 'Posting removed'], ['2017-09-19 00:00:00', 1525000, 'Listed for sale'], ['2017-10-30 00:00:00', 1505000, 'Price change'], ['2018-03-22 00:00:00', 1490000, 'Price change'], ['2018-05-30 00:00:00', 1490000, 'Posting removed'], ['2018-09-04 00:00:00', 1455000, 'Price change']]",498.0,"['$1,455,000', '$1,490,000', '$1,490,000', '$1,505,000', '$1,525,000', '$1,595,000', '$1,595,000', '$1,595,000', '$1,575,000', '$1,575,000', '$1,650,000', '$1,500,000', '$1,500,000']","['Condo', 'Lot Size: 1.24 acres']",10/01/2017,https://www.trulia.com/p/il/chicago/1211-s-prairie-ave-901-chicago-il-60605--2103779268,338.0,2008.0,60605.0,74841,103954.0,24668,2317,"['0.5 km', '2.0 km', '0.2 km']",['2.7 km'],"['7 mins', '5 mins', '3 mins']",['14 mins'],"['WALKING', 'TRANSIT', 'WALKING']",['SUBWAY'],['Red Line'],[41.8667307],[-87.621634]
18,2318,1000 S Michigan Ave #2205,926.0,1.0,1.0,"Chicago, IL 60605",,9.0,,"['1 Bedroom', '1 Bathroom', 'Condo', '926 Square Feet']",05/22/2018,,,&lpar;South Loop&rpar;,"['Condo', '1 Bed', '1 Bath', 'Built in 2018', '329 days on Trulia', '926 sqft', '$616/sqft', '154 views', '$318/monthly HOA']",570000.0,,616.0,,,,https://www.trulia.com/p/il/chicago/1000-s-michigan-ave-2205-chicago-il-60605--2340594824,154.0,2018.0,60605.0,74841,103954.0,24668,2318,"['0.5 km', '2.0 km', '0.2 km']",['2.7 km'],"['6 mins', '5 mins', '3 mins']",['14 mins'],"['WALKING', 'TRANSIT', 'WALKING']",['SUBWAY'],['Red Line'],[41.8699145],[-87.6245084]
19,2319,1000 S Michigan Ave #2206,926.0,1.0,1.0,"Chicago, IL 60605",,0.0,,"['1 Bedroom', '1 Bathroom', 'Condo', '926 Square Feet']",05/22/2018,,,&lpar;South Loop&rpar;,"['Condo', '1 Bed', '1 Bath', 'Built in 2018', '320 days on Trulia', '926 sqft', '$616/sqft', '104 views', '$318/monthly HOA']",570000.0,,616.0,,,,https://www.trulia.com/p/il/chicago/1000-s-michigan-ave-2206-chicago-il-60605--2343561573,104.0,2018.0,60605.0,74841,103954.0,24668,2319,"['0.5 km', '2.0 km', '0.2 km']",['2.7 km'],"['6 mins', '5 mins', '3 mins']",['14 mins'],"['WALKING', 'TRANSIT', 'WALKING']",['SUBWAY'],['Red Line'],[41.8699145],[-87.6245084]
20,2320,836 S Park Ter,7500.0,7.0,4.0,"Chicago, IL 60605",,2.0,,"['4 Bedrooms', '7 Bathrooms', 'Condo', '7,500 Square Feet']",06/15/2018,,,&lpar;Dearborn Park&rpar;,"['Condo', '4 Beds', '7 Baths', 'Built in 1983', '112 days on Trulia', '7,500 sqft', '$307/sqft', '499 views', '$2,110/monthly HOA']",2300000.0,,307.0,,,,https://www.trulia.com/p/il/chicago/836-s-park-ter-chicago-il-60605--2103794120,499.0,1983.0,60605.0,74841,103954.0,24668,2320,"['0.7 km', '1.1 km', '0.1 km']",['1.8 km'],"['8 mins', '4 mins', '1 min']",['12 mins'],"['WALKING', 'TRANSIT', 'WALKING']",['SUBWAY'],['Blue Line'],[41.8708568],[-87.6298016]
21,2321,1201 S Prairie Ave #1306,1207.0,2.0,2.0,"Chicago, IL 60605","['05/23/2018', '08/12/2017', '06/03/2012', '04/26/2012']",5.0,"['Listed for sale', 'Sold', 'Posting removed', 'Listed for sale']","['2 Bedrooms', '2 Bathrooms', 'Condo', '1,207 Square Feet']",09/07/2018,,,&lpar;South Loop&rpar;,"['Condo', '2 Beds', '2 Baths', 'Built in 2008', '135 days on Trulia', '1,207 sqft', '$464/sqft', '155 views', '$486/monthly HOA']",559900.0,"[['2012-04-26 00:00:00', 442500, 'Listed for sale'], ['2012-06-03 00:00:00', 442500, 'Posting removed'], ['2017-08-12 00:00:00', 3000, 'Sold'], ['2018-05-23 00:00:00', 559900, 'Listed for sale']]",464.0,"['$559,900', '$3,000', '$442,500', '$442,500']",['Condo'],10/01/2017,https://www.trulia.com/p/il/chicago/1201-s-prairie-ave-1306-chicago-il-60605--2103778411,155.0,2008.0,60605.0,74841,103954.0,24668,2321,"['0.5 km', '2.0 km', '0.2 km']",['2.7 km'],"['7 mins', '5 mins', '3 mins']",['14 mins'],"['WALKING', 'TRANSIT', 'WALKING']",['SUBWAY'],['Red Line'],[41.8668616],[-87.6220719]
22,2322,1160 S Michigan Ave,1929.0,3.0,3.0,"Chicago, IL 60605",,0.0,,"['3 Bedrooms', '3 Bathrooms', 'Condo', '1,929 Square Feet']",10/02/2018,,,&lpar;South Loop&rpar;,"['Condo', '3 Beds', '3 Baths', 'Built in 2007', '370 days on Trulia', '1,929 sqft', '$425/sqft', '399 views', '$895/monthly HOA']",820000.0,,425.0,,,,https://www.trulia.com/p/il/chicago/1160-s-michigan-ave-chicago-il-60605--1103033,399.0,2007.0,60605.0,74841,103954.0,24668,2322,"['0.2 km', '2.0 km', '0.2 km']",['2.5 km'],"['3 mins', '5 mins', '3 mins']",['11 mins'],"['WALKING', 'TRANSIT', 'WALKING']",['SUBWAY'],['Red Line'],[41.8677505],[-87.6242582]
23,2323,1211 S Prairie Ave #1301,2910.0,3.0,3.0,"Chicago, IL 60605","['09/12/2018', '06/18/2018', '01/23/2017', '12/11/2016', '08/13/2016', '08/21/2015', '06/30/2015', '06/06/2015', '06/05/2015', '05/30/2008', '05/13/2008']",9.0,"['Price change', 'Listed for sale', 'Posting removed', 'Price change', 'Listed for sale', 'Posting removed', 'Posting removed', 'Listed for sale', 'Listed for sale', 'Posting removed', 'Listed for sale']","['3 Bedrooms', '3 Bathrooms', 'Condo', '2,910 Square Feet']",09/12/2018,,,&lpar;South Loop&rpar;,"['Condo', '3 Beds', '3 Baths', 'Built in 2008', '109 days on Trulia', '2,910 sqft', '$481/sqft', '163 views', '$1,729/monthly HOA']",1400000.0,"[['2008-05-13 00:00:00', 2100000, 'Listed for sale'], ['2008-05-30 00:00:00', 2100000, 'Posting removed'], ['2015-06-05 00:00:00', 1425000, 'Listed for sale'], ['2015-06-06 00:00:00', 1425000, 'Listed for sale'], ['2015-06-30 00:00:00', 1425000, 'Posting removed'], ['2015-08-21 00:00:00', 1425000, 'Posting removed'], ['2016-08-13 00:00:00', 1590000, 'Listed for sale'], ['2016-12-11 00:00:00', 1570000, 'Price change'], ['2017-01-23 00:00:00', 1570000, 'Posting removed'], ['2018-06-18 00:00:00', 1500000, 'Listed for sale'], ['2018-09-12 00:00:00', 1400000, 'Price change']]",481.0,"['$1,400,000', '$1,500,000', '$1,570,000', '$1,570,000', '$1,590,000', '$1,425,000', '$1,425,000', '$1,425,000', '$1,425,000', '$2,100,000', '$2,100,000']","['Condo', 'Lot Size: 1.24 acres']",10/01/2017,https://www.trulia.com/p/il/chicago/1211-s-prairie-ave-1301-chicago-il-60605--2103779003,163.0,2008.0,60605.0,74841,103954.0,24668,2323,"['0.5 km', '2.0 km', '0.2 km']",['2.7 km'],"['7 mins', '5 mins', '3 mins']",['14 mins'],"['WALKING', 'TRANSIT', 'WALKING']",['SUBWAY'],['Red Line'],[41.8667307],[-87.621634]
24,2324,1201 S Prairie Ave #3004,1238.0,2.0,2.0,"Chicago, IL 60605","['09/05/2018', '08/29/2018', '08/12/2018', '06/26/2018', '05/23/2018', '04/03/2018', '03/01/2017', '01/14/2017', '12/16/2016', '12/06/2016', '11/14/2016', '10/25/2016', '10/13/2016', '02/16/2016', '12/20/2015', '11/17/2015', '10/24/2013', '09/17/2013', '09/12/2013', '08/29/2013', '06/03/2012', '07/26/2008', '06/19/2008']",5.0,"['Price change', 'Posting removed', 'Price change', 'Price change', 'Listed for sale', 'Listed for sale', 'Posting removed', 'Pending', 'Price change', 'Price change', 'Price change', 'Price change', 'Listed for sale', 'Sold', 'Posting removed', 'Listed for sale', 'Sold', 'Posting removed', 'Pending', 'Listed for sale', 'Posting removed', 'Price change', 'Listed for sale']","['2 Bedrooms', '2 Bathrooms', 'Condo', '1,238 Square Feet']",09/05/2018,,,&lpar;South Loop&rpar;,"['Condo', '2 Beds', '2 Baths', 'Built in 2008', '135 days on Trulia', '1,238 sqft', '$485/sqft', '193 views', '$554/monthly HOA']",599888.0,"[['2008-06-19 00:00:00', 582000, 'Listed for sale'], ['2008-07-26 00:00:00', 579500, 'Price change'], ['2012-06-03 00:00:00', 579500, 'Posting removed'], ['2013-08-29 00:00:00', 536000, 'Listed for sale'], ['2013-09-12 00:00:00', 536000, 'Pending'], ['2013-09-17 00:00:00', 536000, 'Posting removed'], ['2013-10-24 00:00:00', 536000, 'Sold'], ['2015-11-17 00:00:00', 589964, 'Listed for sale'], ['2015-12-20 00:00:00', 589964, 'Posting removed'], ['2016-02-16 00:00:00', 575000, 'Sold'], ['2016-10-13 00:00:00', 609900, 'Listed for sale'], ['2016-10-25 00:00:00', 599000, 'Price change'], ['2016-11-14 00:00:00', 595000, 'Price change'], ['2016-12-06 00:00:00', 589000, 'Price change'], ['2016-12-16 00:00:00', 575000, 'Price change'], ['2017-01-14 00:00:00', 575000, 'Pending'], ['2017-03-01 00:00:00', 575000, 'Posting removed'], ['2018-04-03 00:00:00', 650000, 'Listed for sale'], ['2018-05-23 00:00:00', 650000, 'Listed for sale'], ['2018-06-26 00:00:00', 615000, 'Price change'], ['2018-08-12 00:00:00', 610000, 'Price change'], ['2018-08-29 00:00:00', 610000, 'Posting removed'], ['2018-09-05 00:00:00', 599888, 'Price change']]",485.0,"['$599,888', '$610,000', '$610,000', '$615,000', '$650,000', '$650,000', '$575,000', '$575,000', '$575,000', '$589,000', '$595,000', '$599,000', '$609,900', '$575,000', '$589,964', '$589,964', '$536,000', '$536,000', '$536,000', '$536,000', '$579,500', '$579,500', '$582,000']",['Condo'],10/01/2017,https://www.trulia.com/p/il/chicago/1201-s-prairie-ave-3004-chicago-il-60605--2103778512,193.0,2008.0,60605.0,74841,103954.0,24668,2324,"['0.5 km', '2.0 km', '0.2 km']",['2.7 km'],"['7 mins', '5 mins', '3 mins']",['14 mins'],"['WALKING', 'TRANSIT', 'WALKING']",['SUBWAY'],['Red Line'],[41.8668616],[-87.6220719]
25,2325,1201 S Prairie Ave #604,1238.0,2.0,2.0,"Chicago, IL 60605",,5.0,,"['2 Bedrooms', '2 Bathrooms', 'Condo', '1,238 Square Feet']",09/17/2018,,,&lpar;South Loop&rpar;,"['Condo', '2 Beds', '2 Baths', 'Built in 2009', '135 days on Trulia', '1,238 sqft', '$493/sqft', '135 views', '$564/monthly HOA']",610000.0,,493.0,,,,https://www.trulia.com/p/il/chicago/1201-s-prairie-ave-604-chicago-il-60605--2103778647,135.0,2009.0,60605.0,74841,103954.0,24668,2325,"['0.5 km', '2.0 km', '0.2 km']",['2.7 km'],"['7 mins', '5 mins', '3 mins']",['14 mins'],"['WALKING', 'TRANSIT', 'WALKING']",['SUBWAY'],['Red Line'],[41.8668616],[-87.6220719]
26,2326,1201 S Prairie Ave #3502,1700.0,2.0,2.0,"Chicago, IL 60605",,6.0,,"['2 Bedrooms', '2 Bathrooms', 'Condo', '1,700 Square Feet']",08/28/2018,,,&lpar;South Loop&rpar;,"['Condo', '2 Beds', '2 Baths', 'Built in 2008', '156 days on Trulia', '1,700 sqft', '$624/sqft', '110 views', '$926/monthly HOA']",1060000.0,,624.0,,,,https://www.trulia.com/p/il/chicago/1201-s-prairie-ave-3502-chicago-il-60605--2103778533,110.0,2008.0,60605.0,74841,103954.0,24668,2326,"['0.5 km', '2.0 km', '0.2 km']",['2.7 km'],"['7 mins', '5 mins', '3 mins']",['14 mins'],"['WALKING', 'TRANSIT', 'WALKING']",['SUBWAY'],['Red Line'],[41.8668616],[-87.6220719]
27,2327,520 S State St #1409,1805.0,2.0,3.0,"Chicago, IL 60605","['06/20/2018', '03/07/2016', '02/26/2016', '11/09/2015', '11/05/2015', '06/12/2012', '01/28/2009']",7.0,"['Listed for sale', 'Posting removed', 'Pending', 'Posting removed', 'Listed for sale', 'Sold', 'Sold']","['3 Bedrooms', '2 Bathrooms', 'Condo', '1,805 Square Feet']",06/28/2018,,,&lpar;The Loop&rpar;,"['Condo', '3 Beds', '2 Baths', 'Built in 2008', '107 days on Trulia', '1,805 sqft', '$355/sqft', '220 views', '$700/monthly HOA']",640000.0,"[['2009-01-28 00:00:00', 599000, 'Sold'], ['2012-06-12 00:00:00', 3400, 'Sold'], ['2015-11-05 00:00:00', 3800, 'Listed for sale'], ['2015-11-09 00:00:00', 3800, 'Posting removed'], ['2016-02-26 00:00:00', 3700, 'Pending'], ['2016-03-07 00:00:00', 3700, 'Posting removed'], ['2018-06-20 00:00:00', 640000, 'Listed for sale']]",355.0,"['$640,000', '$3,700', '$3,700', '$3,800', '$3,800', '$3,400', '$599,000']","['Condo', 'Lot Size: 0.59 acres']",10/01/2017,https://www.trulia.com/p/il/chicago/520-s-state-st-1409-chicago-il-60605--2103790617,220.0,2008.0,60605.0,74841,103954.0,24668,2327,"['0.1 km', '1.2 km', '0.2 km']",['1.6 km'],"['1 min', '4 mins', '3 mins']",['8 mins'],"['WALKING', 'TRANSIT', 'WALKING']",['SUBWAY'],['Red Line'],[41.8751214],[-87.62765429999999]
28,2328,1324 S Plymouth Ct,3978.0,4.0,5.0,"Chicago, IL 60605","['06/18/2018', '05/02/2018', '04/27/2018', '04/05/2018', '04/05/2018']",3.0,"['Price change', 'Price change', 'Pending', 'Price change', 'Listed for sale']","['5 Bedrooms', '4 Bathrooms', 'Single-Family Home', '3,978 Square Feet', 'Lot Size: 3724 sqft']",06/18/2018,3724.0,sqft,&lpar;Dearborn Park&rpar;,"['Single-Family Home', '5 Beds', '4 Baths', 'Built in 1991', '183 days on Trulia', '3724 sqft lot size', '3,978 sqft', '$499/sqft', '686 views', '$262/monthly HOA']",1986000.0,"[['2018-04-05 00:00:00', 2190000, 'Price change'], ['2018-04-05 00:00:00', 21900000, 'Listed for sale'], ['2018-04-27 00:00:00', 2190000, 'Pending'], ['2018-05-02 00:00:00', 2050000, 'Price change'], ['2018-06-18 00:00:00', 1986000, 'Price change']]",499.0,"['$1,986,000', '$2,050,000', '$2,190,000', '$2,190,000', '$21,900,000']","['4 Bedrooms', '3.5 Bathrooms', 'Single-Family Home', '3,978 Square Feet', 'Lot Size: 3,726 sqft']",10/01/2017,https://www.trulia.com/p/il/chicago/1324-s-plymouth-ct-chicago-il-60605--2103783496,686.0,1991.0,60605.0,74841,103954.0,24668,2328,"['0.5 km', '2.0 km', '0.2 km']",['2.7 km'],"['6 mins', '5 mins', '3 mins']",['13 mins'],"['WALKING', 'TRANSIT', 'WALKING']",['SUBWAY'],['Red Line'],[41.8649963],[-87.6284955]
29,2329,1000 S Michigan Ave #4503,2537.0,4.0,3.0,"Chicago, IL 60605",,7.0,,"['3 Bedrooms', '4 Bathrooms', 'Condo', '2,537 Square Feet']",05/22/2018,,,&lpar;South Loop&rpar;,"['Condo', '3 Beds', '4 Baths', 'Built in 2018', '207 days on Trulia', '2,537 sqft', '$1,143/sqft', '83 views', '$1,619/monthly HOA']",2900000.0,,1143.0,,,,https://www.trulia.com/p/il/chicago/1000-s-michigan-ave-4503-chicago-il-60605--2348983773,83.0,2018.0,60605.0,74841,103954.0,24668,2329,"['0.5 km', '2.0 km', '0.2 km']",['2.7 km'],"['6 mins', '5 mins', '3 mins']",['14 mins'],"['WALKING', 'TRANSIT', 'WALKING']",['SUBWAY'],['Red Line'],[41.8699145],[-87.6245084]
30,2330,233 E 13th St #605,2300.0,3.0,3.0,"Chicago, IL 60605",,4.0,,"['3 Bedrooms', '3 Bathrooms', 'Condo', '2,300 Square Feet']",06/27/2018,,,&lpar;South Loop&rpar;,"['Condo', '3 Beds', '3 Baths', 'Built in 2005', '144 days on Trulia', '2,300 sqft', '$450/sqft', '132 views', '$1,424/monthly HOA']",1035000.0,,450.0,,,,https://www.trulia.com/p/il/chicago/233-e-13th-st-605-chicago-il-60605--2103789014,132.0,2005.0,60605.0,74841,103954.0,24668,2330,"['0.7 km', '2.0 km', '0.2 km']",['2.9 km'],"['9 mins', '5 mins', '3 mins']",['16 mins'],"['WALKING', 'TRANSIT', 'WALKING']",['SUBWAY'],['Red Line'],[41.86579030000001],[-87.62085809999999]
31,2331,1435 S Prairie Ave #G,2520.0,3.0,3.0,"Chicago, IL 60605",,6.0,,"['3 Bedrooms', '3 Bathrooms', 'Townhouse', '2,520 Square Feet']",10/02/2018,,,&lpar;South Loop&rpar;,"['Townhouse', '3 Beds', '3 Baths', 'Built in 2002', '116 days on Trulia', '2,520 sqft', '$311/sqft', '410 views', '$430/monthly HOA']",784900.0,,311.0,,,,https://www.trulia.com/p/il/chicago/1435-s-prairie-ave-g-chicago-il-60605--2191051894,410.0,2002.0,60605.0,74841,103954.0,24668,2331,"['0.9 km', '2.0 km', '0.2 km']",['3.1 km'],"['11 mins', '5 mins', '3 mins']",['18 mins'],"['WALKING', 'TRANSIT', 'WALKING']",['SUBWAY'],['Red Line'],[41.86420589999999],[-87.62092539999999]
32,2332,1250 S Michigan Ave #2402,2147.0,2.0,3.0,"Chicago, IL 60605",,6.0,,"['3 Bedrooms', '2 Bathrooms', 'Condo', '2,147 Square Feet']",08/10/2018,,,&lpar;South Loop&rpar;,"['Condo', '3 Beds', '2 Baths', 'Built in 2004', '126 days on Trulia', '2,147 sqft', '$338/sqft', '73 views', '$911/monthly HOA']",725000.0,,338.0,,,,https://www.trulia.com/p/il/chicago/1250-s-michigan-ave-2402-chicago-il-60605--2103780934,73.0,2004.0,60605.0,74841,103954.0,24668,2332,"['0.4 km', '2.0 km', '0.2 km']",['2.6 km'],"['5 mins', '5 mins', '3 mins']",['12 mins'],"['WALKING', 'TRANSIT', 'WALKING']",['SUBWAY'],['Red Line'],[41.8660733],[-87.6242242]
33,2333,1000 S Michigan Ave #6802,4104.0,5.0,3.0,"Chicago, IL 60605",,7.0,,"['3 Bedrooms', '5 Bathrooms', 'Condo', '4,104 Square Feet']",05/22/2018,,,&lpar;South Loop&rpar;,"['Condo', '3 Beds', '5 Baths', 'Built in 2018', '207 days on Trulia', '4,104 sqft', '$1,377/sqft', '276 views', '$1,377/monthly HOA']",5650000.0,,1377.0,,,,https://www.trulia.com/p/il/chicago/1000-s-michigan-ave-6802-chicago-il-60605--2348985795,276.0,2018.0,60605.0,74841,103954.0,24668,2333,"['0.5 km', '2.0 km', '0.2 km']",['2.7 km'],"['6 mins', '5 mins', '3 mins']",['14 mins'],"['WALKING', 'TRANSIT', 'WALKING']",['SUBWAY'],['Red Line'],[41.8699145],[-87.6245084]
34,2334,1000 S Michigan Ave #3803,2188.0,3.0,2.0,"Chicago, IL 60605",,7.0,,"['2 Bedrooms', '3 Bathrooms', 'Condo', '2,188 Square Feet']",05/22/2018,,,&lpar;South Loop&rpar;,"['Condo', '2 Beds', '3 Baths', 'Built in 2018', '207 days on Trulia', '2,188 sqft', '$1,037/sqft', '46 views', '$1,267/monthly HOA']",2270000.0,,1037.0,,,,https://www.trulia.com/p/il/chicago/1000-s-michigan-ave-3803-chicago-il-60605--2348984923,46.0,2018.0,60605.0,74841,103954.0,24668,2334,"['0.5 km', '2.0 km', '0.2 km']",['2.7 km'],"['6 mins', '5 mins', '3 mins']",['14 mins'],"['WALKING', 'TRANSIT', 'WALKING']",['SUBWAY'],['Red Line'],[41.8699145],[-87.6245084]
35,2335,1201 S Prairie Ave #4004,1238.0,2.0,2.0,"Chicago, IL 60605","['09/14/2018', '08/07/2018', '07/24/2018', '06/29/2018', '03/15/2018', '06/14/2010']",4.0,"['Price change', 'Posting removed', 'Price change', 'Posting removed', 'Listed for sale', 'Sold']","['2 Bedrooms', '2 Bathrooms', 'Condo', '1,238 Square Feet']",09/29/2018,,,&lpar;South Loop&rpar;,"['Condo', '2 Beds', '2 Baths', 'Built in 2008', '204 days on Trulia', '1,238 sqft', '$505/sqft', '114 views', '$599/monthly HOA']",625000.0,"[['2010-06-14 00:00:00', 551500, 'Sold'], ['2018-03-15 00:00:00', 695000, 'Listed for sale'], ['2018-06-29 00:00:00', 695000, 'Posting removed'], ['2018-07-24 00:00:00', 675000, 'Price change'], ['2018-08-07 00:00:00', 675000, 'Posting removed'], ['2018-09-14 00:00:00', 625000, 'Price change']]",505.0,"['$625,000', '$675,000', '$675,000', '$695,000', '$695,000', '$551,500']",['Condo'],10/01/2017,https://www.trulia.com/p/il/chicago/1201-s-prairie-ave-4004-chicago-il-60605--2103778565,114.0,2008.0,60605.0,74841,103954.0,24668,2335,"['0.5 km', '2.0 km', '0.2 km']",['2.7 km'],"['7 mins', '5 mins', '3 mins']",['14 mins'],"['WALKING', 'TRANSIT', 'WALKING']",['SUBWAY'],['Red Line'],[41.8668616],[-87.6220719]
36,2336,1000 S Michigan Ave #1207,1389.0,3.0,2.0,"Chicago, IL 60605",,3.0,,"['2 Bedrooms', '3 Bathrooms', 'Condo', '1,389 Square Feet']",05/22/2018,,,&lpar;South Loop&rpar;,"['Condo', '2 Beds', '3 Baths', 'Built in 2018', '323 days on Trulia', '1,389 sqft', '$749/sqft', '225 views', '$580/monthly HOA']",1040000.0,,749.0,,,,https://www.trulia.com/p/il/chicago/1000-s-michigan-ave-1207-chicago-il-60605--2343276630,225.0,2018.0,60605.0,74841,103954.0,24668,2336,"['0.5 km', '2.0 km', '0.2 km']",['2.7 km'],"['6 mins', '5 mins', '3 mins']",['14 mins'],"['WALKING', 'TRANSIT', 'WALKING']",['SUBWAY'],['Red Line'],[41.8699145],[-87.6245084]
37,2337,1000 S Michigan Ave #2202,1550.0,2.0,1.0,"Chicago, IL 60605",,1.0,,"['1 Bedroom', '2 Bathrooms', 'Condo', '1,550 Square Feet']",05/22/2018,,,&lpar;South Loop&rpar;,"['Condo', '1 Bed', '2 Baths', 'Built in 2018', '331 days on Trulia', '1,550 sqft', '$703/sqft', '83 views', '$608/monthly HOA']",1090000.0,,703.0,,,,https://www.trulia.com/p/il/chicago/1000-s-michigan-ave-2202-chicago-il-60605--2340597296,83.0,2018.0,60605.0,74841,103954.0,24668,2337,"['0.5 km', '2.0 km', '0.2 km']",['2.7 km'],"['6 mins', '5 mins', '3 mins']",['14 mins'],"['WALKING', 'TRANSIT', 'WALKING']",['SUBWAY'],['Red Line'],[41.8699145],[-87.6245084]
38,2338,1000 S Michigan Ave #502,1466.0,3.0,2.0,"Chicago, IL 60605",,0.0,,"['2 Bedrooms', '3 Bathrooms', 'Condo', '1,466 Square Feet']",05/22/2018,,,&lpar;South Loop&rpar;,"['Condo', '2 Beds', '3 Baths', 'Built in 2018', '330 days on Trulia', '1,466 sqft', '$600/sqft', '145 views', '$491/monthly HOA']",880000.0,,600.0,,,,https://www.trulia.com/p/il/chicago/1000-s-michigan-ave-502-chicago-il-60605--2340621393,145.0,2018.0,60605.0,74841,103954.0,24668,2338,"['0.5 km', '2.0 km', '0.2 km']",['2.7 km'],"['6 mins', '5 mins', '3 mins']",['14 mins'],"['WALKING', 'TRANSIT', 'WALKING']",['SUBWAY'],['Red Line'],[41.8699145],[-87.6245084]
39,2339,1000 S Michigan Ave #3905,1628.0,2.0,2.0,"Chicago, IL 60605",,1.0,,"['2 Bedrooms', '2 Bathrooms', 'Condo', '1,628 Square Feet']",05/22/2018,,,&lpar;South Loop&rpar;,"['Condo', '2 Beds', '2 Baths', 'Built in 2018', '331 days on Trulia', '1,628 sqft', '$768/sqft', '174 views', '$698/monthly HOA']",1250000.0,,768.0,,,,https://www.trulia.com/p/il/chicago/1000-s-michigan-ave-3905-chicago-il-60605--2340597297,174.0,2018.0,60605.0,74841,103954.0,24668,2339,"['0.5 km', '2.0 km', '0.2 km']",['2.7 km'],"['6 mins', '5 mins', '3 mins']",['14 mins'],"['WALKING', 'TRANSIT', 'WALKING']",['SUBWAY'],['Red Line'],[41.8699145],[-87.6245084]
40,2340,1000 S Michigan Ave #71,5488.0,5.0,4.0,"Chicago, IL 60605",,6.0,,"['4 Bedrooms', '5 Bathrooms', 'Condo', '5,488 Square Feet']",05/23/2018,,,&lpar;South Loop&rpar;,"['Condo', '4 Beds', '5 Baths', 'Built in 2018', '336 days on Trulia', '5,488 sqft', '$1,476/sqft', '4780 views', '$4,522/monthly HOA']",8100000.0,,1476.0,,,,https://www.trulia.com/p/il/chicago/1000-s-michigan-ave-71-chicago-il-60605--2340462683,4780.0,2018.0,60605.0,74841,103954.0,24668,2340,"['0.5 km', '2.0 km', '0.2 km']",['2.7 km'],"['6 mins', '5 mins', '3 mins']",['14 mins'],"['WALKING', 'TRANSIT', 'WALKING']",['SUBWAY'],['Red Line'],[41.8699145],[-87.6245084]
41,2341,1000 S Michigan Ave #2204,1582.0,2.0,2.0,"Chicago, IL 60605",,0.0,,"['2 Bedrooms', '2 Bathrooms', 'Condo', '1,582 Square Feet']",05/22/2018,,,&lpar;South Loop&rpar;,"['Condo', '2 Beds', '2 Baths', 'Built in 2018', '330 days on Trulia', '1,582 sqft', '$601/sqft', '109 views', '$530/monthly HOA']",950000.0,,601.0,,,,https://www.trulia.com/p/il/chicago/1000-s-michigan-ave-2204-chicago-il-60605--2340623716,109.0,2018.0,60605.0,74841,103954.0,24668,2341,"['0.5 km', '2.0 km', '0.2 km']",['2.7 km'],"['6 mins', '5 mins', '3 mins']",['14 mins'],"['WALKING', 'TRANSIT', 'WALKING']",['SUBWAY'],['Red Line'],[41.8699145],[-87.6245084]
42,2342,1000 S Michigan Ave #2203,2131.0,3.0,2.0,"Chicago, IL 60605",,9.0,,"['2 Bedrooms', '3 Bathrooms', 'Condo', '2,131 Square Feet']",05/22/2018,,,&lpar;South Loop&rpar;,"['Condo', '2 Beds', '3 Baths', 'Built in 2018', '329 days on Trulia', '2,131 sqft', '$812/sqft', '84 views', '$966/monthly HOA']",1730000.0,,812.0,,,,https://www.trulia.com/p/il/chicago/1000-s-michigan-ave-2203-chicago-il-60605--2341770406,84.0,2018.0,60605.0,74841,103954.0,24668,2342,"['0.5 km', '2.0 km', '0.2 km']",['2.7 km'],"['6 mins', '5 mins', '3 mins']",['14 mins'],"['WALKING', 'TRANSIT', 'WALKING']",['SUBWAY'],['Red Line'],[41.8699145],[-87.6245084]
43,2343,1000 S Michigan Ave #2002,1995.0,3.0,2.0,"Chicago, IL 60605",,4.0,,"['2 Bedrooms', '3 Bathrooms', 'Condo', '1,995 Square Feet']",05/22/2018,,,&lpar;South Loop&rpar;,"['Condo', '2 Beds', '3 Baths', 'Built in 2018', '324 days on Trulia', '1,995 sqft', '$882/sqft', '268 views', '$982/monthly HOA']",1760000.0,,882.0,,,,https://www.trulia.com/p/il/chicago/1000-s-michigan-ave-2002-chicago-il-60605--2343246371,268.0,2018.0,60605.0,74841,103954.0,24668,2343,"['0.5 km', '2.0 km', '0.2 km']",['2.7 km'],"['6 mins', '5 mins', '3 mins']",['14 mins'],"['WALKING', 'TRANSIT', 'WALKING']",['SUBWAY'],['Red Line'],[41.8699145],[-87.6245084]
44,2344,1000 S Michigan Ave #303,1809.0,3.0,3.0,"Chicago, IL 60605",,6.0,,"['3 Bedrooms', '3 Bathrooms', 'Condo', '1,809 Square Feet']",05/22/2018,,,&lpar;South Loop&rpar;,"['Condo', '3 Beds', '3 Baths', 'Built in 2018', '326 days on Trulia', '1,809 sqft', '$509/sqft', '837 views', '$514/monthly HOA']",920000.0,,509.0,,,,https://www.trulia.com/p/il/chicago/1000-s-michigan-ave-303-chicago-il-60605--2342237862,837.0,2018.0,60605.0,74841,103954.0,24668,2344,"['0.5 km', '2.0 km', '0.2 km']",['2.7 km'],"['6 mins', '5 mins', '3 mins']",['14 mins'],"['WALKING', 'TRANSIT', 'WALKING']",['SUBWAY'],['Red Line'],[41.8699145],[-87.6245084]
45,2345,1000 S Michigan Ave #302,1318.0,2.0,2.0,"Chicago, IL 60605",,9.0,,"['2 Bedrooms', '2 Bathrooms', 'Condo', '1,318 Square Feet']",05/22/2018,,,&lpar;South Loop&rpar;,"['Condo', '2 Beds', '2 Baths', 'Built in 2018', '329 days on Trulia', '1,318 sqft', '$577/sqft', '258 views', '$424/monthly HOA']",760000.0,,577.0,,,,https://www.trulia.com/p/il/chicago/1000-s-michigan-ave-302-chicago-il-60605--2341770407,258.0,2018.0,60605.0,74841,103954.0,24668,2345,"['0.5 km', '2.0 km', '0.2 km']",['2.7 km'],"['6 mins', '5 mins', '3 mins']",['14 mins'],"['WALKING', 'TRANSIT', 'WALKING']",['SUBWAY'],['Red Line'],[41.8699145],[-87.6245084]
46,2346,1413 S Prairie Ave #A-7,3193.0,3.0,4.0,"Chicago, IL 60605","['03/01/2018', '02/14/2018', '01/17/2018', '08/08/2017']",3.0,"['Posting removed', 'Price change', 'Posting removed', 'Listed for sale']","['4 Bedrooms', '3 Bathrooms', 'Townhouse', '3,193 Square Feet', 'Lot Size: 3.14 acres']",02/14/2018,3.14,acres,&lpar;South Loop&rpar;,"['Townhouse', '4 Beds', '3 Baths', 'Built in 1997', '423 days on Trulia', '3.14 acres lot size', '3,193 sqft', '$391/sqft', '451 views', '$547/monthly HOA']",1250000.0,"[['2017-08-08 00:00:00', 1295000, 'Listed for sale'], ['2018-01-17 00:00:00', 1295000, 'Posting removed'], ['2018-02-14 00:00:00', 1250000, 'Price change'], ['2018-03-01 00:00:00', 1250000, 'Posting removed']]",391.0,"['$1,250,000', '$1,250,000', '$1,295,000', '$1,295,000']","['Condo', 'Lot Size: 3.73 acres']",10/01/2017,https://www.trulia.com/p/il/chicago/1413-s-prairie-ave-a-7-chicago-il-60605--2103784830,451.0,1997.0,60605.0,74841,103954.0,24668,2346,"['0.9 km', '2.0 km', '0.2 km']",['3.1 km'],"['12 mins', '5 mins', '3 mins']",['19 mins'],"['WALKING', 'TRANSIT', 'WALKING']",['SUBWAY'],['Red Line'],[41.8631918],[-87.6212882]
47,2347,1318 S Plymouth Ct,4989.0,4.0,5.0,"Chicago, IL 60605","['09/21/2018', '09/04/2018', '08/01/2018', '07/16/2018', '06/04/2018', '06/01/2018', '05/31/2018', '05/30/2018', '05/10/2018', '05/09/2018', '05/06/2018', '04/19/2018', '04/10/2018']",8.0,"['Price change', 'Posting removed', 'Price change', 'Price change', 'Price change', 'Price change', 'Price change', 'Posting removed', 'Pending', 'Pending', 'Posting removed', 'Posting removed', 'Listed for sale']","['5 Bedrooms', '4 Bathrooms', 'Single-Family Home', '4,989 Square Feet', 'Lot Size: 3724 sqft']",09/21/2018,3724.0,sqft,&lpar;Dearborn Park&rpar;,"['Single-Family Home', '5 Beds', '4 Baths', 'Built in 1993', '178 days on Trulia', '3724 sqft lot size', '4,989 sqft', '$331/sqft', '454 views', '$262/monthly HOA']",1650000.0,"[['2018-04-10 00:00:00', 1950000, 'Listed for sale'], ['2018-04-19 00:00:00', 1950000, 'Posting removed'], ['2018-05-06 00:00:00', 1950000, 'Posting removed'], ['2018-05-09 00:00:00', 1950000, 'Pending'], ['2018-05-10 00:00:00', 1950000, 'Pending'], ['2018-05-30 00:00:00', 1950000, 'Posting removed'], ['2018-05-31 00:00:00', 1875000, 'Price change'], ['2018-06-01 00:00:00', 1875000, 'Price change'], ['2018-06-04 00:00:00', 1800000, 'Price change'], ['2018-07-16 00:00:00', 1750000, 'Price change'], ['2018-08-01 00:00:00', 1700000, 'Price change'], ['2018-09-04 00:00:00', 1700000, 'Posting removed'], ['2018-09-21 00:00:00', 1650000, 'Price change']]",331.0,"['$1,650,000', '$1,700,000', '$1,700,000', '$1,750,000', '$1,800,000', '$1,875,000', '$1,875,000', '$1,950,000', '$1,950,000', '$1,950,000', '$1,950,000', '$1,950,000', '$1,950,000']","['4 Bedrooms', '3 Bathrooms', 'Single-Family Home', '3,978 Square Feet', 'Lot Size: 3,726 sqft']",10/01/2017,https://www.trulia.com/p/il/chicago/1318-s-plymouth-ct-chicago-il-60605--2103783027,454.0,1993.0,60605.0,74841,103954.0,24668,2347,"['0.4 km', '2.0 km', '0.2 km']",['2.6 km'],"['6 mins', '5 mins', '3 mins']",['13 mins'],"['WALKING', 'TRANSIT', 'WALKING']",['SUBWAY'],['Red Line'],[41.8651527],[-87.6284994]
48,2348,1000 S Michigan Ave #6201,3540.0,4.0,4.0,"Chicago, IL 60605",,7.0,,"['4 Bedrooms', '4 Bathrooms', 'Condo', '3,540 Square Feet']",05/22/2018,,,&lpar;South Loop&rpar;,"['Condo', '4 Beds', '4 Baths', 'Built in 2018', '267 days on Trulia', '3,540 sqft', '$1,229/sqft', '263 views', '$2,429/monthly HOA']",4350000.0,,1229.0,,,,https://www.trulia.com/p/il/chicago/1000-s-michigan-ave-6201-chicago-il-60605--2345240333,263.0,2018.0,60605.0,74841,103954.0,24668,2348,"['0.5 km', '2.0 km', '0.2 km']",['2.7 km'],"['6 mins', '5 mins', '3 mins']",['14 mins'],"['WALKING', 'TRANSIT', 'WALKING']",['SUBWAY'],['Red Line'],[41.8699145],[-87.6245084]
49,2349,1000 S Michigan Ave #5204,1704.0,2.0,2.0,"Chicago, IL 60605",,7.0,,"['2 Bedrooms', '2 Bathrooms', 'Condo', '1,704 Square Feet']",05/22/2018,,,&lpar;South Loop&rpar;,"['Condo', '2 Beds', '2 Baths', 'Built in 2018', '267 days on Trulia', '1,704 sqft', '$880/sqft', '46 views', '$838/monthly HOA']",1500000.0,,880.0,,,,https://www.trulia.com/p/il/chicago/1000-s-michigan-ave-5204-chicago-il-60605--2345240331,46.0,2018.0,60605.0,74841,103954.0,24668,2349,"['0.5 km', '2.0 km', '0.2 km']",['2.7 km'],"['6 mins', '5 mins', '3 mins']",['14 mins'],"['WALKING', 'TRANSIT', 'WALKING']",['SUBWAY'],['Red Line'],[41.8699145],[-87.6245084]
50,2350,1000 S Michigan Ave #6002,4017.0,5.0,3.0,"Chicago, IL 60605",,7.0,,"['3 Bedrooms', '5 Bathrooms', 'Condo', '4,017 Square Feet']",05/22/2018,,,&lpar;South Loop&rpar;,"['Condo', '3 Beds', '5 Baths', 'Built in 2018', '267 days on Trulia', '4,017 sqft', '$1,312/sqft', '282 views', '$2,942/monthly HOA']",5270000.0,,1312.0,,,,https://www.trulia.com/p/il/chicago/1000-s-michigan-ave-6002-chicago-il-60605--2345240332,282.0,2018.0,60605.0,74841,103954.0,24668,2350,"['0.5 km', '2.0 km', '0.2 km']",['2.7 km'],"['6 mins', '5 mins', '3 mins']",['14 mins'],"['WALKING', 'TRANSIT', 'WALKING']",['SUBWAY'],['Red Line'],[41.8699145],[-87.6245084]
51,2351,1201 S Prairie Ave #3301,3000.0,3.0,3.0,"Chicago, IL 60605","['05/06/2018', '05/01/2018', '04/07/2018', '12/22/2017', '04/16/2010']",3.0,"['Posting removed', 'Price change', 'Price change', 'Listed for sale', 'Sold']","['3 Bedrooms', '3 Bathrooms', 'Condo', '3,000 Square Feet']",07/01/2018,,,&lpar;South Loop&rpar;,"['Condo', '3 Beds', '3 Baths', 'Built in 2008', '153 days on Trulia', '3,000 sqft', '$570/sqft', '1056 views', '$1,658/monthly HOA']",1710000.0,"[['2010-04-16 00:00:00', 1888500, 'Sold'], ['2017-12-22 00:00:00', 1870000, 'Listed for sale'], ['2018-04-07 00:00:00', 1810000, 'Price change'], ['2018-05-01 00:00:00', 1710000, 'Price change'], ['2018-05-06 00:00:00', 1710000, 'Posting removed']]",570.0,"['$1,710,000', '$1,710,000', '$1,810,000', '$1,870,000', '$1,888,500']",['Condo'],10/01/2017,https://www.trulia.com/p/il/chicago/1201-s-prairie-ave-3301-chicago-il-60605--2103778520,1056.0,2008.0,60605.0,74841,103954.0,24668,2351,"['0.5 km', '2.0 km', '0.2 km']",['2.7 km'],"['7 mins', '5 mins', '3 mins']",['14 mins'],"['WALKING', 'TRANSIT', 'WALKING']",['SUBWAY'],['Red Line'],[41.8668616],[-87.6220719]
52,2352,1000 S Michigan Ave #4302,1558.0,2.0,2.0,"Chicago, IL 60605",,7.0,,"['2 Bedrooms', '2 Bathrooms', 'Condo', '1,558 Square Feet']",05/22/2018,,,&lpar;South Loop&rpar;,"['Condo', '2 Beds', '2 Baths', 'Built in 2018', '267 days on Trulia', '1,558 sqft', '$1,053/sqft', '11 views', '$916/monthly HOA']",1640000.0,,1053.0,,,,https://www.trulia.com/p/il/chicago/1000-s-michigan-ave-4302-chicago-il-60605--2345240127,11.0,2018.0,60605.0,74841,103954.0,24668,2352,"['0.5 km', '2.0 km', '0.2 km']",['2.7 km'],"['6 mins', '5 mins', '3 mins']",['14 mins'],"['WALKING', 'TRANSIT', 'WALKING']",['SUBWAY'],['Red Line'],[41.8699145],[-87.6245084]
53,2353,1000 S Michigan Ave #5602,3094.0,4.0,3.0,"Chicago, IL 60605",,7.0,,"['3 Bedrooms', '4 Bathrooms', 'Condo', '3,094 Square Feet']",05/22/2018,,,&lpar;South Loop&rpar;,"['Condo', '3 Beds', '4 Baths', 'Built in 2018', '267 days on Trulia', '3,094 sqft', '$1,109/sqft', '240 views', '$1,915/monthly HOA']",3430000.0,,1109.0,,,,https://www.trulia.com/p/il/chicago/1000-s-michigan-ave-5602-chicago-il-60605--2345204029,240.0,2018.0,60605.0,74841,103954.0,24668,2353,"['0.5 km', '2.0 km', '0.2 km']",['2.7 km'],"['6 mins', '5 mins', '3 mins']",['14 mins'],"['WALKING', 'TRANSIT', 'WALKING']",['SUBWAY'],['Red Line'],[41.8699145],[-87.6245084]
54,2354,1000 S Michigan Ave #3203,2150.0,3.0,2.0,"Chicago, IL 60605",,1.0,,"['2 Bedrooms', '3 Bathrooms', 'Condo', '2,150 Square Feet']",05/22/2018,,,&lpar;South Loop&rpar;,"['Condo', '2 Beds', '3 Baths', 'Built in 2018', '281 days on Trulia', '2,150 sqft', '$940/sqft', '123 views', '$982/monthly HOA']",2020000.0,,940.0,,,,https://www.trulia.com/p/il/chicago/1000-s-michigan-ave-3203-chicago-il-60605--2344846451,123.0,2018.0,60605.0,74841,103954.0,24668,2354,"['0.5 km', '2.0 km', '0.2 km']",['2.7 km'],"['6 mins', '5 mins', '3 mins']",['14 mins'],"['WALKING', 'TRANSIT', 'WALKING']",['SUBWAY'],['Red Line'],[41.8699145],[-87.6245084]
55,2355,1246 S Federal St #B,1243.0,2.0,2.0,"Chicago, IL 60605",,1.0,,"['2 Bedrooms', '2 Bathrooms', 'Townhouse', '1,243 Square Feet']",09/04/2018,,,&lpar;Dearborn Park&rpar;,"['Townhouse', '2 Beds', '2 Baths', 'Built in 1994', '31 days on Trulia', '1,243 sqft', '$390/sqft', '269 views', '$275/monthly HOA']",485000.0,,390.0,,,,https://www.trulia.com/p/il/chicago/1246-s-federal-st-b-chicago-il-60605--2177816057,269.0,1994.0,60605.0,74841,103954.0,24668,2355,['2.2 km'],['2.2 km'],['28 mins'],['28 mins'],['WALKING'],[],[],[41.8659732],[-87.63012429999999]
56,2356,1211 S Prairie Ave #5302,1892.0,3.0,3.0,"Chicago, IL 60605",,5.0,,"['3 Bedrooms', '3 Bathrooms', 'Condo', '1,892 Square Feet']",09/20/2018,,,&lpar;South Loop&rpar;,"['Condo', '3 Beds', '3 Baths', 'Built in 2008', '15 days on Trulia', '1,892 sqft', '$687/sqft', '30 views', '$1,150/monthly HOA']",1299000.0,,687.0,,,,https://www.trulia.com/p/il/chicago/1211-s-prairie-ave-5302-chicago-il-60605--2103779221,30.0,2008.0,60605.0,74841,103954.0,24668,2356,"['0.5 km', '2.0 km', '0.2 km']",['2.7 km'],"['7 mins', '5 mins', '3 mins']",['14 mins'],"['WALKING', 'TRANSIT', 'WALKING']",['SUBWAY'],['Red Line'],[41.8667307],[-87.621634]
57,2357,431 S Dearborn St #501,900.0,1.0,1.0,"Chicago, IL 60605",['08/03/2004'],7.0,['Sold'],"['1 Bedroom', '1 Bathroom', 'Condo', '900 Square Feet', 'Lot Size: 10202 sqft']",09/28/2018,10202.0,sqft,&lpar;The Loop&rpar;,"['Condo', '1 Bed', '1 Bath', 'Built in 1890', '7 days on Trulia', '10202 sqft lot size', '900 sqft', '$244/sqft', '66 views', '$533/monthly HOA']",220000.0,"[['2004-08-03 00:00:00', 210000, 'Sold']]",244.0,"['$210,000']","['Condo', 'Lot Size: 10,202 sqft']",10/01/2017,https://www.trulia.com/p/il/chicago/431-s-dearborn-st-501-chicago-il-60605--2103790293,66.0,1890.0,60605.0,74841,103954.0,24668,2357,"['0.2 km', '0.6 km', '0.1 km']",['0.9 km'],"['2 mins', '2 mins', '1 min']",['4 mins'],"['WALKING', 'TRANSIT', 'WALKING']",['SUBWAY'],['Blue Line'],[41.8760598],[-87.6291773]
58,2358,1530 S State St #722,1507.0,2.0,2.0,"Chicago, IL 60605",,7.0,,"['2 Bedrooms', '2 Bathrooms', 'Condo', '1,507 Square Feet']",09/28/2018,,,&lpar;Dearborn Park&rpar;,"['Condo', '2 Beds', '2 Baths', 'Built in 2002', '7 days on Trulia', '1,507 sqft', '$352/sqft', '64 views', '$712/monthly HOA']",530000.0,,352.0,,,,https://www.trulia.com/p/il/chicago/1530-s-state-st-722-chicago-il-60605--2103787561,64.0,2002.0,60605.0,74841,103954.0,24668,2358,"['0.8 km', '2.0 km', '0.2 km']",['3.0 km'],"['10 mins', '5 mins', '3 mins']",['18 mins'],"['WALKING', 'TRANSIT', 'WALKING']",['SUBWAY'],['Red Line'],[41.8610317],[-87.6274014]
59,2359,125 E 13th St #1009,1100.0,2.0,2.0,"Chicago, IL 60605","['09/20/2018', '08/22/2018', '05/04/2004']",4.0,"['Price change', 'Listed for sale', 'Sold']","['2 Bedrooms', '2 Bathrooms', 'Condo', '1,100 Square Feet']",09/20/2018,,,&lpar;South Loop&rpar;,"['Condo', '2 Beds', '2 Baths', 'Built in 2004', '44 days on Trulia', '1,100 sqft', '$364/sqft', '174 views', '$424/monthly HOA']",399900.0,"[['2004-05-04 00:00:00', 374000, 'Sold'], ['2018-08-22 00:00:00', 425000, 'Listed for sale'], ['2018-09-20 00:00:00', 399900, 'Price change']]",364.0,"['$399,900', '$425,000', '$374,000']","['Condo', 'Lot Size: 0.54 acres']",10/01/2017,https://www.trulia.com/p/il/chicago/125-e-13th-st-1009-chicago-il-60605--2103782418,174.0,2004.0,60605.0,74841,103954.0,24668,2359,"['0.5 km', '2.0 km', '0.2 km']",['2.7 km'],"['7 mins', '5 mins', '3 mins']",['14 mins'],"['WALKING', 'TRANSIT', 'WALKING']",['SUBWAY'],['Red Line'],[41.8657577],[-87.6230252]
60,2360,5 E 14th Pl #502,950.0,1.0,1.0,"Chicago, IL 60605","['09/06/2018', '01/21/2016', '01/14/2016', '12/02/2015', '08/09/2012', '06/20/2012', '05/25/2012', '01/19/2012', '08/05/2011', '06/18/2011', '05/25/2011']",9.0,"['Listed for sale', 'Posting removed', 'Sold', 'Listed for sale', 'Posting removed', 'Pending', 'Listed for sale', 'Posting removed', 'Price change', 'Price change', 'Listed for sale']","['1 Bedroom', '1 Bathroom', 'Condo', '950 Square Feet']",10/03/2018,,,&lpar;South Loop&rpar;,"['Condo', '1 Bed', '1 Bath', 'Built in 2000', '29 days on Trulia', '950 sqft', '$326/sqft', '74 views', '$390/monthly HOA']",309900.0,"[['2011-05-25 00:00:00', 279900, 'Listed for sale'], ['2011-06-18 00:00:00', 249000, 'Price change'], ['2011-08-05 00:00:00', 237000, 'Price change'], ['2012-01-19 00:00:00', 237000, 'Posting removed'], ['2012-05-25 00:00:00', 220000, 'Listed for sale'], ['2012-06-20 00:00:00', 220000, 'Pending'], ['2012-08-09 00:00:00', 220000, 'Posting removed'], ['2015-12-02 00:00:00', 255000, 'Listed for sale'], ['2016-01-14 00:00:00', 273000, 'Sold'], ['2016-01-21 00:00:00', 255000, 'Posting removed'], ['2018-09-06 00:00:00', 315000, 'Listed for sale']]",326.0,"['$315,000', '$255,000', '$273,000', '$255,000', '$220,000', '$220,000', '$220,000', '$237,000', '$237,000', '$249,000', '$279,900']","['Condo', 'Lot Size: 10,593 sqft']",10/01/2017,https://www.trulia.com/p/il/chicago/5-e-14th-pl-502-chicago-il-60605--2103791113,74.0,2000.0,60605.0,74841,103954.0,24668,2360,"['0.7 km', '2.0 km', '0.2 km']",['2.9 km'],"['8 mins', '5 mins', '3 mins']",['16 mins'],"['WALKING', 'TRANSIT', 'WALKING']",['SUBWAY'],['Red Line'],[41.8623704],[-87.6270729]
61,2361,888 S Michigan Ave #203,2450.0,3.0,4.0,"Chicago, IL 60605",,6.0,,"['4 Bedrooms', '3 Bathrooms', 'Condo', '2,450 Square Feet']",08/29/2018,,,&lpar;South Loop&rpar;,"['Condo', '4 Beds', '3 Baths', 'Built in 1913', '176 days on Trulia', '2,450 sqft', '$306/sqft', '456 views', '$1,138/monthly HOA']",750000.0,,306.0,,,,https://www.trulia.com/p/il/chicago/888-s-michigan-ave-203-chicago-il-60605--2103794592,456.0,1913.0,60605.0,74841,103954.0,24668,2361,"['0.6 km', '2.0 km', '0.2 km']",['2.8 km'],"['7 mins', '5 mins', '3 mins']",['15 mins'],"['WALKING', 'TRANSIT', 'WALKING']",['SUBWAY'],['Red Line'],[41.87070800000001],[-87.6242826]
62,2362,1211 S Prairie Ave #3103,1002.0,1.0,1.0,"Chicago, IL 60605",,8.0,,"['1 Bedroom', '1 Bathroom', 'Condo', '1,002 Square Feet']",09/28/2018,,,&lpar;South Loop&rpar;,"['Condo', '1 Bed', '1 Bath', 'Built in 2007', '8 days on Trulia', '1,002 sqft', '$529/sqft', '24 views', '$512/monthly HOA']",530000.0,,529.0,,"['Condo', 'Lot Size: 1.24 acres']",10/01/2017,https://www.trulia.com/p/il/chicago/1211-s-prairie-ave-3103-chicago-il-60605--2103779116,24.0,2007.0,60605.0,74841,103954.0,24668,2362,"['0.5 km', '2.0 km', '0.2 km']",['2.7 km'],"['7 mins', '5 mins', '3 mins']",['14 mins'],"['WALKING', 'TRANSIT', 'WALKING']",['SUBWAY'],['Red Line'],[41.8667307],[-87.621634]
63,2363,1450 S State St #1450,1300.0,2.0,2.0,"Chicago, IL 60605",,1.0,,"['2 Bedrooms', '2 Bathrooms', 'Townhouse', '1,300 Square Feet']",09/04/2018,,,&lpar;Dearborn Park&rpar;,"['Townhouse', '2 Beds', '2 Baths', 'Built in 1990', '31 days on Trulia', '1,300 sqft', '$385/sqft', '152 views', '$110/monthly HOA']",499900.0,,385.0,,,,https://www.trulia.com/p/il/chicago/1450-s-state-st-1450-chicago-il-60605--2358833810,152.0,1990.0,60605.0,74841,103954.0,24668,2363,"['1.1 km', '2.0 km', '0.2 km']",['3.3 km'],"['14 mins', '5 mins', '3 mins']",['21 mins'],"['WALKING', 'TRANSIT', 'WALKING']",['SUBWAY'],['Red Line'],[41.8625826],[-87.6278171]
64,2364,1343 S Federal St,4015.0,4.0,4.0,"Chicago, IL 60605","['09/11/2018', '04/22/2005', '02/21/1997']",4.0,"['Listed for sale', 'Sold', 'Sold']","['4 Bedrooms', '4 Bathrooms', 'Single-Family Home', '4,015 Square Feet', 'Lot Size: 2651 sqft']",09/25/2018,2651.0,sqft,&lpar;Dearborn Park&rpar;,"['Single-Family Home', '4 Beds', '4 Baths', 'Built in 1991', '24 days on Trulia', '2651 sqft lot size', '4,015 sqft', '$472/sqft', '164 views', '$200/monthly HOA']",1895000.0,"[['1997-02-21 00:00:00', 650000, 'Sold'], ['2005-04-22 00:00:00', 1350000, 'Sold'], ['2018-09-11 00:00:00', 2000000, 'Listed for sale']]",472.0,"['$2,000,000', '$1,350,000', '$650,000']","['4 Bedrooms', '3 Bathrooms', 'Single-Family Home', '2,866 Square Feet', 'Lot Size: 2,651 sqft']",10/01/2017,https://www.trulia.com/p/il/chicago/1343-s-federal-st-chicago-il-60605--2103783865,164.0,1991.0,60605.0,74841,103954.0,24668,2364,"['0.6 km', '2.0 km', '0.2 km']",['2.8 km'],"['8 mins', '5 mins', '3 mins']",['15 mins'],"['WALKING', 'TRANSIT', 'WALKING']",['SUBWAY'],['Red Line'],[41.8645262],[-87.6293465]
65,2365,520 S State St #617,1430.0,2.0,2.0,"Chicago, IL 60605","['09/05/2018', '08/28/2018', '08/27/2010', '01/14/2010', '12/25/2009']",8.0,"['Price change', 'Listed for sale', 'Sold', 'Posting removed', 'Listed for sale']","['2 Bedrooms', '2 Bathrooms', 'Condo', '1,430 Square Feet']",09/24/2018,,,&lpar;The Loop&rpar;,"['Condo', '2 Beds', '2 Baths', 'Built in 2009', '38 days on Trulia', '1,430 sqft', '$297/sqft', '193 views', '$614/monthly HOA']",425000.0,"[['2009-12-25 00:00:00', 472100, 'Listed for sale'], ['2010-01-14 00:00:00', 472100, 'Posting removed'], ['2010-08-27 00:00:00', 325000, 'Sold'], ['2018-08-28 00:00:00', 475000, 'Listed for sale'], ['2018-09-05 00:00:00', 449000, 'Price change']]",297.0,"['$449,000', '$475,000', '$325,000', '$472,100', '$472,100']","['Condo', 'Lot Size: 0.59 acres']",10/01/2017,https://www.trulia.com/p/il/chicago/520-s-state-st-617-chicago-il-60605--2103790690,193.0,2009.0,60605.0,74841,103954.0,24668,2365,"['0.1 km', '1.2 km', '0.2 km']",['1.6 km'],"['1 min', '4 mins', '3 mins']",['8 mins'],"['WALKING', 'TRANSIT', 'WALKING']",['SUBWAY'],['Red Line'],[41.8751214],[-87.62765429999999]
66,2366,1400 S Michigan Ave #1104,1260.0,2.0,2.0,"Chicago, IL 60605",,5.0,,"['2 Bedrooms', '2 Bathrooms', 'Condo', '1,260 Square Feet']",08/31/2018,,,&lpar;South Loop&rpar;,"['Condo', '2 Beds', '2 Baths', 'Built in 2008', '35 days on Trulia', '1,260 sqft', '$381/sqft', '122 views', '$462/monthly HOA']",479900.0,,381.0,,,,https://www.trulia.com/p/il/chicago/1400-s-michigan-ave-1104-chicago-il-60605--2103784065,122.0,2008.0,60605.0,74841,103954.0,24668,2366,"['0.6 km', '2.0 km', '0.2 km']",['2.8 km'],"['8 mins', '5 mins', '3 mins']",['15 mins'],"['WALKING', 'TRANSIT', 'WALKING']",['SUBWAY'],['Red Line'],[41.8638768],[-87.6241112]
67,2367,1400 S Michigan Ave #2005,826.0,1.0,1.0,"Chicago, IL 60605",,1.0,,"['1 Bedroom', '1 Bathroom', 'Condo', '826 Square Feet']",09/04/2018,,,&lpar;South Loop&rpar;,"['Condo', '1 Bed', '1 Bath', 'Built in 2008', '31 days on Trulia', '826 sqft', '$369/sqft', '62 views', '$458/monthly HOA']",305000.0,,369.0,,,,https://www.trulia.com/p/il/chicago/1400-s-michigan-ave-2005-chicago-il-60605--2103784158,62.0,2008.0,60605.0,74841,103954.0,24668,2367,"['0.6 km', '2.0 km', '0.2 km']",['2.8 km'],"['8 mins', '5 mins', '3 mins']",['15 mins'],"['WALKING', 'TRANSIT', 'WALKING']",['SUBWAY'],['Red Line'],[41.8638768],[-87.6241112]
68,2368,1464 S Michigan Ave #1402,1025.0,2.0,2.0,"Chicago, IL 60605","['08/22/2018', '11/04/2013', '08/24/2011', '06/05/2011', '06/01/2011', '05/31/2011', '05/27/2011', '05/25/2011', '05/23/2011', '05/21/2011', '05/20/2011']",4.0,"['Listed for sale', 'Sold', 'Posting removed', 'Price change', 'Price change', 'Price change', 'Price change', 'Price change', 'Price change', 'Price change', 'Listed for sale']","['2 Bedrooms', '2 Bathrooms', 'Condo', '1,025 Square Feet']",08/29/2018,,,&lpar;South Loop&rpar;,"['Condo', '2 Beds', '2 Baths', 'Built in 2008', '44 days on Trulia', '1,025 sqft', '$340/sqft', '220 views', '$458/monthly HOA']",348000.0,"[['2011-05-20 00:00:00', 1775, 'Listed for sale'], ['2011-05-21 00:00:00', 305000, 'Price change'], ['2011-05-23 00:00:00', 1775, 'Price change'], ['2011-05-25 00:00:00', 305000, 'Price change'], ['2011-05-27 00:00:00', 1775, 'Price change'], ['2011-05-31 00:00:00', 305000, 'Price change'], ['2011-06-01 00:00:00', 1900, 'Price change'], ['2011-06-05 00:00:00', 305000, 'Price change'], ['2011-08-24 00:00:00', 305000, 'Posting removed'], ['2013-11-04 00:00:00', 275000, 'Sold'], ['2018-08-22 00:00:00', 348000, 'Listed for sale']]",340.0,"['$348,000', '$275,000', '$305,000', '$305,000', '$1,900', '$305,000', '$1,775', '$305,000', '$1,775', '$305,000', '$1,775']","['Condo', 'Lot Size: 0.7 acres']",10/01/2017,https://www.trulia.com/p/il/chicago/1464-s-michigan-ave-1402-chicago-il-60605--2103785449,220.0,2008.0,60605.0,74841,103954.0,24668,2368,"['0.8 km', '2.0 km', '0.2 km']",['3.0 km'],"['10 mins', '5 mins', '3 mins']",['17 mins'],"['WALKING', 'TRANSIT', 'WALKING']",['SUBWAY'],['Red Line'],[41.8622551],[-87.6240735]
69,2369,1160 S Michigan Ave #4502,2500.0,3.0,3.0,"Chicago, IL 60605",,7.0,,"['3 Bedrooms', '3 Bathrooms', 'Condo', '2,500 Square Feet']",09/08/2018,,,&lpar;South Loop&rpar;,"['Condo', '3 Beds', '3 Baths', 'Built in 2007', '27 days on Trulia', '2,500 sqft', '$459/sqft', '132 views', '$1,245/monthly HOA']",1148000.0,,459.0,,,,https://www.trulia.com/p/il/chicago/1160-s-michigan-ave-4502-chicago-il-60605--2103778025,132.0,2007.0,60605.0,74841,103954.0,24668,2369,"['0.2 km', '2.0 km', '0.2 km']",['2.5 km'],"['3 mins', '5 mins', '3 mins']",['11 mins'],"['WALKING', 'TRANSIT', 'WALKING']",['SUBWAY'],['Red Line'],[41.8677505],[-87.6242582]
70,2370,520 S State St #1508,1305.0,2.0,2.0,"Chicago, IL 60605","['08/28/2018', '02/02/2017', '01/31/2017', '09/21/2016', '12/14/2010', '11/23/2010', '11/15/2010', '10/09/2010', '10/01/2010', '09/14/2010', '08/27/2010', '01/14/2010', '12/25/2009']",9.0,"['Listed for sale', 'Sold', 'Posting removed', 'Listed for sale', 'Sold', 'Posting removed', 'Posting removed', 'Price change', 'Price change', 'Listed for sale', 'Listed for sale', 'Posting removed', 'Listed for sale']","['2 Bedrooms', '2 Bathrooms', 'Condo', '1,305 Square Feet']",10/04/2018,,,&lpar;The Loop&rpar;,"['Condo', '2 Beds', '2 Baths', 'Built in 2009', '39 days on Trulia', '1,305 sqft', '$306/sqft', '226 views', '$560/monthly HOA']",399000.0,"[['2009-12-25 00:00:00', 415500, 'Listed for sale'], ['2010-01-14 00:00:00', 415500, 'Posting removed'], ['2010-08-27 00:00:00', 349990, 'Listed for sale'], ['2010-09-14 00:00:00', 329990, 'Listed for sale'], ['2010-10-01 00:00:00', 349990, 'Price change'], ['2010-10-09 00:00:00', 329990, 'Price change'], ['2010-11-15 00:00:00', 349990, 'Posting removed'], ['2010-11-23 00:00:00', 329990, 'Posting removed'], ['2010-12-14 00:00:00', 330000, 'Sold'], ['2016-09-21 00:00:00', 399900, 'Listed for sale'], ['2017-01-31 00:00:00', 399900, 'Posting removed'], ['2017-02-02 00:00:00', 420000, 'Sold'], ['2018-08-28 00:00:00', 410000, 'Listed for sale']]",306.0,"['$410,000', '$420,000', '$399,900', '$399,900', '$330,000', '$329,990', '$349,990', '$329,990', '$349,990', '$329,990', '$349,990', '$415,500', '$415,500']","['Condo', 'Lot Size: 0.59 acres']",10/01/2017,https://www.trulia.com/p/il/chicago/520-s-state-st-1508-chicago-il-60605--2103790633,226.0,2009.0,60605.0,74841,103954.0,24668,2370,"['0.1 km', '1.2 km', '0.2 km']",['1.6 km'],"['1 min', '4 mins', '3 mins']",['8 mins'],"['WALKING', 'TRANSIT', 'WALKING']",['SUBWAY'],['Red Line'],[41.8751214],[-87.62765429999999]
71,2371,1235 S Prairie Ave #2801,1560.0,2.0,2.0,"Chicago, IL 60605","['09/19/2018', '04/20/2017', '03/14/2017', '10/26/2016']",7.0,"['Listed for sale', 'Posting removed', 'Price change', 'Listed for sale']","['2 Bedrooms', '2 Bathrooms', 'Condo', '1,560 Square Feet']",09/19/2018,,,&lpar;South Loop&rpar;,"['Condo', '2 Beds', '2 Baths', 'Built in 2006', '17 days on Trulia', '1,560 sqft', '$449/sqft', '57 views', '$1,044/monthly HOA']",700000.0,"[['2016-10-26 00:00:00', 825000, 'Listed for sale'], ['2017-03-14 00:00:00', 799000, 'Price change'], ['2017-04-20 00:00:00', 799000, 'Posting removed'], ['2018-09-19 00:00:00', 700000, 'Listed for sale']]",449.0,"['$700,000', '$799,000', '$799,000', '$825,000']","['Condo', 'Lot Size: 1.04 acres']",10/01/2017,https://www.trulia.com/p/il/chicago/1235-s-prairie-ave-2801-chicago-il-60605--2103779706,57.0,2006.0,60605.0,74841,103954.0,24668,2371,"['0.6 km', '2.0 km', '0.2 km']",['2.8 km'],"['8 mins', '5 mins', '3 mins']",['15 mins'],"['WALKING', 'TRANSIT', 'WALKING']",['SUBWAY'],['Red Line'],[41.8661038],[-87.62162029999999]
72,2372,732 S Financial Pl #605,900.0,1.0,1.0,"Chicago, IL 60605","['09/20/2018', '09/19/2018', '09/13/2018', '09/04/2018', '09/09/2014', '07/29/2014', '04/08/2014', '06/08/2004']",2.0,"['Price change', 'Price change', 'Price change', 'Listed for sale', 'Sold', 'Posting removed', 'Listed for sale', 'Sold']","['1 Bedroom', '1 Bathroom', 'Condo', '900 Square Feet']",10/06/2018,,,&lpar;South Loop&rpar;,"['Condo', '1 Bed', '1 Bath', 'Built in 1908', '32 days on Trulia', '900 sqft', '$255/sqft', '161 views', '$323/monthly HOA']",229900.0,"[['2004-06-08 00:00:00', 213500, 'Sold'], ['2014-04-08 00:00:00', 205000, 'Listed for sale'], ['2014-07-29 00:00:00', 205000, 'Posting removed'], ['2014-09-09 00:00:00', 193000, 'Sold'], ['2018-09-04 00:00:00', 245000, 'Listed for sale'], ['2018-09-13 00:00:00', 244000, 'Price change'], ['2018-09-19 00:00:00', 239000, 'Price change'], ['2018-09-20 00:00:00', 230000, 'Price change']]",255.0,"['$230,000', '$239,000', '$244,000', '$245,000', '$193,000', '$205,000', '$205,000', '$213,500']","['Condo', 'Lot Size: 0.49 acres']",10/01/2017,https://www.trulia.com/p/il/chicago/732-s-financial-pl-605-chicago-il-60605--2103792900,161.0,1908.0,60605.0,74841,103954.0,24668,2372,"['0.5 km', '1.1 km', '0.1 km']",['1.7 km'],"['6 mins', '4 mins', '1 min']",['10 mins'],"['WALKING', 'TRANSIT', 'WALKING']",['SUBWAY'],['Blue Line'],[41.87250530000001],[-87.6326129]
73,2373,1516 S Wabash Ave #606,1150.0,1.0,2.0,"Chicago, IL 60605",,4.0,,"['2 Bedrooms', '1 Bathroom', 'Condo', '1,150 Square Feet']",10/02/2018,,,&lpar;South Loop&rpar;,"['Condo', '2 Beds', '1 Bath', 'Built in 2000', '4 days on Trulia', '1,150 sqft', '$309/sqft', '28 views', '$559/monthly HOA']",355000.0,,309.0,,,,https://www.trulia.com/p/il/chicago/1516-s-wabash-ave-606-chicago-il-60605--2103786730,28.0,2000.0,60605.0,74841,103954.0,24668,2373,"['0.8 km', '2.0 km', '0.2 km']",['3.0 km'],"['10 mins', '5 mins', '3 mins']",['17 mins'],"['WALKING', 'TRANSIT', 'WALKING']",['SUBWAY'],['Red Line'],[41.8614598],[-87.62573780000001]
74,2374,1530 S State St #15H,937.0,1.0,1.0,"Chicago, IL 60605",,2.0,,"['1 Bedroom', '1 Bathroom', 'Condo', '937 Square Feet']",09/24/2018,,,&lpar;Dearborn Park&rpar;,"['Condo', '1 Bed', '1 Bath', 'Built in 2001', '12 days on Trulia', '937 sqft', '$372/sqft', '71 views', '$583/monthly HOA']",349000.0,,372.0,,,,https://www.trulia.com/p/il/chicago/1530-s-state-st-15h-chicago-il-60605--2103787394,71.0,2001.0,60605.0,74841,103954.0,24668,2374,"['0.8 km', '2.0 km', '0.2 km']",['3.0 km'],"['10 mins', '5 mins', '3 mins']",['18 mins'],"['WALKING', 'TRANSIT', 'WALKING']",['SUBWAY'],['Red Line'],[41.8610317],[-87.6274014]
75,2375,201 E 13th St,3800.0,1.0,3.0,"Chicago, IL 60605","['12/08/2011', '12/02/2011', '11/05/2011', '07/10/2003']",7.0,"['Sold', 'Posting removed', 'Listed for sale', 'Sold']","['3 Bedrooms', '1 Bathroom', 'Single-Family Home', '3,800 Square Feet', 'Lot Size: 7048 sqft']",09/19/2018,7048.0,sqft,&lpar;South Loop&rpar;,"['Single-Family Home', '3 Beds', '1 Bath', 'Built in 1961', '17 days on Trulia', '7048 sqft lot size', '3,800 sqft', '$22/sqft', '486 views']",85000.0,"[['2003-07-10 00:00:00', 825000, 'Sold'], ['2011-11-05 00:00:00', 999900, 'Listed for sale'], ['2011-12-02 00:00:00', 999900, 'Posting removed'], ['2011-12-08 00:00:00', 937500, 'Sold']]",22.0,"['$937,500', '$999,900', '$999,900', '$825,000']","['3 Bedrooms', '3 Bathrooms', 'Townhouse', '1,993 Square Feet', 'Lot Size: 1,704 sqft']",10/01/2017,https://www.trulia.com/p/il/chicago/201-e-13th-st-chicago-il-60605--2103788713,486.0,1961.0,60605.0,74841,103954.0,24668,2375,"['0.6 km', '2.0 km', '0.2 km']",['2.8 km'],"['8 mins', '5 mins', '3 mins']",['15 mins'],"['WALKING', 'TRANSIT', 'WALKING']",['SUBWAY'],['Red Line'],[41.8657595],[-87.6221592]
76,2376,233 E 13th St #601,1290.0,2.0,2.0,"Chicago, IL 60605","['09/07/2018', '03/18/2005']",9.0,"['Listed for sale', 'Sold']","['2 Bedrooms', '2 Bathrooms', 'Condo', '1,290 Square Feet']",09/28/2018,,,&lpar;South Loop&rpar;,"['Condo', '2 Beds', '2 Baths', 'Built in 2005', '29 days on Trulia', '1,290 sqft', '$357/sqft', '96 views', '$603/monthly HOA']",459900.0,"[['2005-03-18 00:00:00', 387710, 'Sold'], ['2018-09-07 00:00:00', 474900, 'Listed for sale']]",357.0,"['$474,900', '$387,710']","['Condo', 'Lot Size: 1.81 acres']",10/01/2017,https://www.trulia.com/p/il/chicago/233-e-13th-st-601-chicago-il-60605--2103789010,96.0,2005.0,60605.0,74841,103954.0,24668,2376,"['0.7 km', '2.0 km', '0.2 km']",['2.9 km'],"['9 mins', '5 mins', '3 mins']",['16 mins'],"['WALKING', 'TRANSIT', 'WALKING']",['SUBWAY'],['Red Line'],[41.86579030000001],[-87.62085809999999]
77,2377,1400 S Michigan Ave #2004,1260.0,2.0,2.0,"Chicago, IL 60605",,5.0,,"['2 Bedrooms', '2 Bathrooms', 'Condo', '1,260 Square Feet']",09/05/2018,,,&lpar;South Loop&rpar;,"['Condo', '2 Beds', '2 Baths', 'Built in 2008', '45 days on Trulia', '1,260 sqft', '$437/sqft', '114 views', '$535/monthly HOA']",550000.0,,437.0,,,,https://www.trulia.com/p/il/chicago/1400-s-michigan-ave-2004-chicago-il-60605--2103784157,114.0,2008.0,60605.0,74841,103954.0,24668,2377,"['0.6 km', '2.0 km', '0.2 km']",['2.8 km'],"['8 mins', '5 mins', '3 mins']",['15 mins'],"['WALKING', 'TRANSIT', 'WALKING']",['SUBWAY'],['Red Line'],[41.8638768],[-87.6241112]
78,2378,1143 S Plymouth Ct #507,1550.0,2.0,3.0,"Chicago, IL 60605",,4.0,,"['3 Bedrooms', '2 Bathrooms', 'Condo', '1,550 Square Feet']",09/28/2018,,,&lpar;Dearborn Park&rpar;,"['Condo', '3 Beds', '2 Baths', 'Built in 1979', '24 days on Trulia', '1,550 sqft', '$274/sqft', '98 views', '$701/monthly HOA']",424999.0,,274.0,,,,https://www.trulia.com/p/il/chicago/1143-s-plymouth-ct-507-chicago-il-60605--2103777669,98.0,1979.0,60605.0,74841,103954.0,24668,2378,"['0.4 km', '2.0 km', '0.2 km']",['2.6 km'],"['6 mins', '5 mins', '3 mins']",['13 mins'],"['WALKING', 'TRANSIT', 'WALKING']",['SUBWAY'],['Red Line'],[41.86879649999999],[-87.6285188]
79,2379,626 W Wrightwood Ave #1W,1568.0,2.0,2.0,"Chicago, IL 60614",,1.0,,"['2 Bedrooms', '2 Bathrooms', 'Condo', '1,568 Square Feet']",09/04/2018,,,&lpar;Park West&rpar;,"['Condo', '2 Beds', '2 Baths', 'Built in 1997', '31 days on Trulia', '1,568 sqft', '$303/sqft', '135 views', '$364/monthly HOA']",475000.0,,303.0,,,,https://www.trulia.com/p/il/chicago/626-w-wrightwood-ave-1w-chicago-il-60614--2124038209,135.0,1997.0,60614.0,89741,143293.0,66617,2379,"['1.2 km', '5.8 km', '0.2 km']",['7.2 km'],"['14 mins', '12 mins', '3 mins']",['29 mins'],"['WALKING', 'TRANSIT', 'WALKING']",['SUBWAY'],['Red Line'],[41.929401],[-87.6440398]
80,2380,1926 N Lincoln Park W #6A,1525.0,2.0,3.0,"Chicago, IL 60614","['09/06/2018', '08/20/2018', '07/29/2016', '06/28/2016', '05/16/2016', '04/06/2009']",6.0,"['Price change', 'Listed for sale', 'Sold', 'Posting removed', 'Listed for sale', 'Sold']","['3 Bedrooms', '2 Bathrooms', 'Condo', '1,525 Square Feet']",09/06/2018,,,&lpar;Old Town Triangle&rpar;,"['Condo', '3 Beds', '2 Baths', 'Built in 2006', '46 days on Trulia', '1,525 sqft', '$541/sqft', '126 views', '$307/monthly HOA']",825000.0,"[['2009-04-06 00:00:00', 540000, 'Sold'], ['2016-05-16 00:00:00', 749000, 'Listed for sale'], ['2016-06-28 00:00:00', 749000, 'Posting removed'], ['2016-07-29 00:00:00', 750000, 'Sold'], ['2018-08-20 00:00:00', 850000, 'Listed for sale'], ['2018-09-06 00:00:00', 825000, 'Price change']]",541.0,"['$825,000', '$850,000', '$750,000', '$749,000', '$749,000', '$540,000']",['Condo'],10/01/2017,https://www.trulia.com/p/il/chicago/1926-n-lincoln-park-w-6a-chicago-il-60614--2058262655,126.0,2006.0,60614.0,89741,143293.0,66617,2380,"['1.0 km', '3.2 km', '0.2 km']",['4.4 km'],"['12 mins', '10 mins', '3 mins']",['25 mins'],"['WALKING', 'TRANSIT', 'WALKING']",['SUBWAY'],['Purple Line'],[41.9173113],[-87.6363822]
81,2381,2236 N Burling St,3000.0,4.0,4.0,"Chicago, IL 60614",['08/28/2018'],8.0,['Listed for sale'],"['4 Bedrooms', '4 Bathrooms', 'Single-Family Home', '3,000 Square Feet', 'Lot Size: 3001 sqft']",10/03/2018,3001.0,sqft,&lpar;Lincoln Park&rpar;,"['Single-Family Home', '4 Beds', '4 Baths', 'Built in 1886', '38 days on Trulia', '3001 sqft lot size', '3,000 sqft', '$592/sqft', '176 views']",1775000.0,"[['2018-08-28 00:00:00', 1775000, 'Listed for sale']]",592.0,"['$1,775,000']","['3 Bedrooms', '2 Bathrooms', 'Single-Family Home', '2,500 Square Feet', 'Lot Size: 3,000 sqft']",10/01/2017,https://www.trulia.com/p/il/chicago/2236-n-burling-st-chicago-il-60614--2103982694,176.0,1886.0,60614.0,89741,143293.0,66617,2381,"['0.7 km', '5.8 km', '0.2 km']",['6.7 km'],"['9 mins', '12 mins', '3 mins']",['23 mins'],"['WALKING', 'TRANSIT', 'WALKING']",['SUBWAY'],['Red Line'],[41.9229389],[-87.6475057]
82,2382,2052 N Lincoln Park W #403,900.0,1.0,1.0,"Chicago, IL 60614",,5.0,,"['1 Bedroom', '1 Bathroom', 'Condo', '900 Square Feet']",08/31/2018,,,&lpar;Lincoln Park&rpar;,"['Condo', '1 Bed', '1 Bath', 'Built in 1931', '35 days on Trulia', '900 sqft', '$266/sqft', '240 views', '$648/monthly HOA']",239000.0,,266.0,,,,https://www.trulia.com/p/il/chicago/2052-n-lincoln-park-w-403-chicago-il-60614--2213847011,240.0,1931.0,60614.0,89741,143293.0,66617,2382,"['1.3 km', '3.2 km', '0.2 km']",['4.7 km'],"['16 mins', '10 mins', '3 mins']",['28 mins'],"['WALKING', 'TRANSIT', 'WALKING']",['SUBWAY'],['Purple Line'],[41.919842],[-87.63644040000001]
83,2383,1960 N Lincoln Park W #2210,862.0,1.0,1.0,"Chicago, IL 60614",,3.0,,"['1 Bedroom', '1 Bathroom', 'Condo', '862 Square Feet']",08/23/2018,,,&lpar;Old Town Triangle&rpar;,"['Condo', '1 Bed', '1 Bath', 'Built in 1968', '43 days on Trulia', '862 sqft', '$347/sqft', '80 views', '$764/monthly HOA']",299500.0,,347.0,,"['Condo', 'Lot Size: 0.93 acres']",10/01/2017,https://www.trulia.com/p/il/chicago/1960-n-lincoln-park-w-2210-chicago-il-60614--2058262827,80.0,1968.0,60614.0,89741,143293.0,66617,2383,"['1.0 km', '3.2 km', '0.2 km']",['4.5 km'],"['13 mins', '10 mins', '3 mins']",['25 mins'],"['WALKING', 'TRANSIT', 'WALKING']",['SUBWAY'],['Purple Line'],[41.9183144],[-87.6369445]
84,2384,821 W Lill Ave,4700.0,5.0,5.0,"Chicago, IL 60614","['08/28/2018', '07/14/2010', '07/05/2010', '02/11/2010', '12/12/2008', '06/18/2008', '05/21/2002', '09/10/2001', '12/01/1998', '12/14/1993']",8.0,"['Listed for sale', 'Sold', 'Posting removed', 'Listed for sale', 'Posting removed', 'Listed for sale', 'Sold', 'Sold', 'Sold', 'Sold']","['5 Bedrooms', '5 Bathrooms', 'Single-Family Home', '4,700 Square Feet', 'Lot Size: 3625 sqft']",09/06/2018,3625.0,sqft,&lpar;Wrightwood Neighbors&rpar;,"['Single-Family Home', '5 Beds', '5 Baths', 'Built in 2000', '38 days on Trulia', '3625 sqft lot size', '4,700 sqft', '$415/sqft', '166 views']",1950000.0,"[['1993-12-14 00:00:00', 185000, 'Sold'], ['1998-12-01 00:00:00', 425000, 'Sold'], ['2001-09-10 00:00:00', 1625000, 'Sold'], ['2002-05-21 00:00:00', 1920000, 'Sold'], ['2008-06-18 00:00:00', 2295000, 'Listed for sale'], ['2008-12-12 00:00:00', 2295000, 'Posting removed'], ['2010-02-11 00:00:00', 1850000, 'Listed for sale'], ['2010-07-05 00:00:00', 1850000, 'Posting removed'], ['2010-07-14 00:00:00', 1725000, 'Sold'], ['2018-08-28 00:00:00', 1950000, 'Listed for sale']]",415.0,"['$1,950,000', '$1,725,000', '$1,850,000', '$1,850,000', '$2,295,000', '$2,295,000', '$1,920,000', '$1,625,000', '$425,000', '$185,000']","['5 Bedrooms', '4 Bathrooms', 'Single-Family Home', '2,832 Square Feet', 'Lot Size: 3,500 sqft']",10/01/2017,https://www.trulia.com/p/il/chicago/821-w-lill-ave-chicago-il-60614--907980,166.0,2000.0,60614.0,89741,143293.0,66617,2384,"['0.7 km', '5.8 km', '0.2 km']",['6.8 km'],"['9 mins', '12 mins', '3 mins']",['23 mins'],"['WALKING', 'TRANSIT', 'WALKING']",['SUBWAY'],['Red Line'],[41.9281342],[-87.6497625]
85,2385,1920 N Clark St #3B,1400.0,2.0,2.0,"Chicago, IL 60614",,6.0,,"['2 Bedrooms', '2 Bathrooms', 'Condo', '1,400 Square Feet']",08/20/2018,,,&lpar;Old Town Triangle&rpar;,"['Condo', '2 Beds', '2 Baths', 'Built in 1972', '46 days on Trulia', '1,400 sqft', '$321/sqft', '251 views', '$734/monthly HOA']",449000.0,,321.0,,,,https://www.trulia.com/p/il/chicago/1920-n-clark-st-3b-chicago-il-60614--2103976530,251.0,1972.0,60614.0,89741,143293.0,66617,2385,"['1.1 km', '3.2 km', '0.2 km']",['4.5 km'],"['14 mins', '10 mins', '3 mins']",['26 mins'],"['WALKING', 'TRANSIT', 'WALKING']",['SUBWAY'],['Purple Line'],[41.9173072],[-87.63543609999999]
86,2386,1735 W Diversey Pkwy #216,1200.0,2.0,2.0,"Chicago, IL 60614",,3.0,,"['2 Bedrooms', '2 Bathrooms', 'Condo', '1,200 Square Feet']",09/22/2018,,,&lpar;Lathrop Homes&rpar;,"['Condo', '2 Beds', '2 Baths', 'Built in 2000', '23 days on Trulia', '1,200 sqft', '$308/sqft', '68 views', '$372/monthly HOA']",369000.0,,308.0,,,,https://www.trulia.com/p/il/chicago/1735-w-diversey-pkwy-216-chicago-il-60614--2103973127,68.0,2000.0,60614.0,89741,143293.0,66617,2386,"['1.4 km', '1.8 km', '7.4 km', '0.2 km']",['10.9 km'],"['18 mins', '4 mins', '15 mins', '3 mins']",['43 mins'],"['WALKING', 'TRANSIT', 'TRANSIT', 'WALKING']","['SUBWAY', 'SUBWAY']","['Brown Line', 'Red Line']",[41.9323009],[-87.6725878]
87,2387,1300 W Altgeld St #137,1700.0,3.0,2.0,"Chicago, IL 60614","['03/19/2018', '02/27/2018', '07/15/2005']",1.0,"['Posting removed', 'Listed for sale', 'Sold']","['2 Bedrooms', '3 Bathrooms', 'Condo', '1,700 Square Feet']",09/24/2018,,,&lpar;Wrightwood Neighbors&rpar;,"['Condo', '2 Beds', '3 Baths', 'Built in 1991', '11 days on Trulia', '1,700 sqft', '$364/sqft', '145 views', '$508/monthly HOA']",619000.0,"[['2005-07-15 00:00:00', 460000, 'Sold'], ['2018-02-27 00:00:00', 619000, 'Listed for sale'], ['2018-03-19 00:00:00', 619000, 'Posting removed']]",364.0,"['$619,000', '$619,000', '$460,000']","['Condo', 'Lot Size: 1.93 acres']",10/01/2017,https://www.trulia.com/p/il/chicago/1300-w-altgeld-st-137-chicago-il-60614--2103969004,145.0,1991.0,60614.0,89741,143293.0,66617,2387,"['0.8 km', '5.8 km', '0.2 km']",['6.9 km'],"['11 mins', '12 mins', '3 mins']",['25 mins'],"['WALKING', 'TRANSIT', 'WALKING']",['SUBWAY'],['Red Line'],[41.9271008],[-87.66073589999999]
88,2388,1850 N Clark St #2201,1000.0,1.0,1.0,"Chicago, IL 60614",,5.0,,"['1 Bedroom', '1 Bathroom', 'Condo', '1,000 Square Feet']",09/20/2018,,,&lpar;Old Town Triangle&rpar;,"['Condo', '1 Bed', '1 Bath', 'Built in 1969', '15 days on Trulia', '1,000 sqft', '$275/sqft', '34 views', '$670/monthly HOA']",275000.0,,275.0,,,,https://www.trulia.com/p/il/chicago/1850-n-clark-st-2201-chicago-il-60614--2190237952,34.0,1969.0,60614.0,89741,143293.0,66617,2388,"['1.0 km', '3.2 km', '0.2 km']",['4.5 km'],"['13 mins', '10 mins', '3 mins']",['26 mins'],"['WALKING', 'TRANSIT', 'WALKING']",['SUBWAY'],['Purple Line'],[41.9163102],[-87.6348228]
89,2389,1540 W Wrightwood Ave #1,2700.0,3.0,4.0,"Chicago, IL 60614",,9.0,,"['4 Bedrooms', '3 Bathrooms', 'Condo', '2,700 Square Feet']",09/17/2018,,,&lpar;West De Paul&rpar;,"['Condo', '4 Beds', '3 Baths', 'Built in 2012', '59 days on Trulia', '2,700 sqft', '$355/sqft', '103 views', '$372/monthly HOA']",957500.0,,355.0,,,,https://www.trulia.com/p/il/chicago/1540-w-wrightwood-ave-1-chicago-il-60614--2178302146,103.0,2012.0,60614.0,89741,143293.0,66617,2389,"['1.6 km', '5.8 km', '0.2 km']",['7.6 km'],"['20 mins', '12 mins', '3 mins']",['34 mins'],"['WALKING', 'TRANSIT', 'WALKING']",['SUBWAY'],['Red Line'],[41.9288247],[-87.6674499]
90,2390,632 W Wrightwood Ave #2E,1600.0,2.0,2.0,"Chicago, IL 60614","['09/14/2018', '09/02/2018', '08/08/2018', '04/26/2018', '04/16/2018', '03/12/2018', '03/03/2018', '09/03/2017', '09/02/2017', '09/01/2017', '08/03/2017', '07/20/2017', '03/21/2016', '01/29/2016', '10/17/2006']",8.0,"['Price change', 'Price change', 'Listed for sale', 'Posting removed', 'Price change', 'Pending', 'Price change', 'Price change', 'Price change', 'Posting removed', 'Price change', 'Listed for sale', 'Posting removed', 'Listed for sale', 'Sold']","['2 Bedrooms', '2 Bathrooms', 'Condo', '1,600 Square Feet']",09/14/2018,,,&lpar;Park West&rpar;,"['Condo', '2 Beds', '2 Baths', 'Built in 1998', '58 days on Trulia', '1,600 sqft', '$356/sqft', '717 views', '$383/monthly HOA']",570000.0,"[['2006-10-17 00:00:00', 535000, 'Sold'], ['2016-01-29 00:00:00', 649000, 'Listed for sale'], ['2016-03-21 00:00:00', 649000, 'Posting removed'], ['2017-07-20 00:00:00', 575000, 'Listed for sale'], ['2017-08-03 00:00:00', 574500, 'Price change'], ['2017-09-01 00:00:00', 574500, 'Posting removed'], ['2017-09-02 00:00:00', 575000, 'Price change'], ['2017-09-03 00:00:00', 575000, 'Price change'], ['2018-03-03 00:00:00', 589000, 'Price change'], ['2018-03-12 00:00:00', 589000, 'Pending'], ['2018-04-16 00:00:00', 575000, 'Price change'], ['2018-04-26 00:00:00', 575000, 'Posting removed'], ['2018-08-08 00:00:00', 590000, 'Listed for sale'], ['2018-09-02 00:00:00', 575000, 'Price change'], ['2018-09-14 00:00:00', 570000, 'Price change']]",356.0,"['$570,000', '$575,000', '$590,000', '$575,000', '$575,000', '$589,000', '$589,000', '$575,000', '$575,000', '$574,500', '$574,500', '$575,000', '$649,000', '$649,000', '$535,000']","['Condo', 'Lot Size: 0.81 acres']",10/01/2017,https://www.trulia.com/p/il/chicago/632-w-wrightwood-ave-2e-chicago-il-60614--2124057169,717.0,1998.0,60614.0,89741,143293.0,66617,2390,"['1.2 km', '5.8 km', '0.2 km']",['7.2 km'],"['14 mins', '12 mins', '3 mins']",['29 mins'],"['WALKING', 'TRANSIT', 'WALKING']",['SUBWAY'],['Red Line'],[41.929401],[-87.6440398]
91,2391,926 W Fullerton Ave #2,1747.0,2.0,3.0,"Chicago, IL 60614","['08/08/2018', '09/18/2007']",8.0,"['Listed for sale', 'Sold']","['3 Bedrooms', '2 Bathrooms', 'Condo', '1,747 Square Feet']",09/27/2018,,,&lpar;Wrightwood Neighbors&rpar;,"['Condo', '3 Beds', '2 Baths', 'Built in 2007', '58 days on Trulia', '1,747 sqft', '$372/sqft', '150 views', '$172/monthly HOA']",649900.0,"[['2007-09-18 00:00:00', 598000, 'Sold'], ['2018-08-08 00:00:00', 649900, 'Listed for sale']]",372.0,"['$649,900', '$598,000']","['Condo', 'Lot Size: 4,567 sqft']",10/01/2017,https://www.trulia.com/p/il/chicago/926-w-fullerton-ave-2-chicago-il-60614--2103999223,150.0,2007.0,60614.0,89741,143293.0,66617,2391,"['51 m', '5.8 km', '0.2 km']",['6.1 km'],"['1 min', '12 mins', '3 mins']",['15 mins'],"['WALKING', 'TRANSIT', 'WALKING']",['SUBWAY'],['Red Line'],[41.92547769999999],[-87.6524924]
92,2392,1806 W Diversey Pkwy #O,2000.0,3.0,4.0,"Chicago, IL 60614",,2.0,,"['4 Bedrooms', '3 Bathrooms', 'Single-Family Home', '2,000 Square Feet', 'Lot Size: 1524 sqft']",09/26/2018,1524.0,sqft,&lpar;Lake View&rpar;,"['Single-Family Home', '4 Beds', '3 Baths', 'Built in 1997', '102 days on Trulia', '1524 sqft lot size', '2,000 sqft', '$250/sqft', '277 views', '$185/monthly HOA']",499900.0,,250.0,,,,https://www.trulia.com/p/il/chicago/1806-w-diversey-pkwy-o-chicago-il-60614--2178636332,277.0,1997.0,60614.0,89741,143293.0,66617,2392,"['1.5 km', '1.8 km', '7.4 km', '0.2 km']",['11.0 km'],"['19 mins', '4 mins', '15 mins', '3 mins']",['44 mins'],"['WALKING', 'TRANSIT', 'TRANSIT', 'WALKING']","['SUBWAY', 'SUBWAY']","['Brown Line', 'Red Line']",[41.9323614],[-87.67398349999999]
93,2393,1660 N La Salle Dr #1607,800.0,1.0,1.0,"Chicago, IL 60614","['09/08/2016', '07/25/2016', '07/22/2016', '12/27/2006', '12/22/1995']",0.0,"['Sold', 'Posting removed', 'Listed for sale', 'Sold', 'Sold']","['1 Bedroom', '1 Bathroom', 'Condo', '800 Square Feet']",09/17/2018,,,&lpar;Old Town Triangle&rpar;,"['Condo', '1 Bed', '1 Bath', 'Built in 1971', '30 days on Trulia', '800 sqft', '$411/sqft', '26 views', '$547/monthly HOA']",329000.0,"[['1995-12-22 00:00:00', 122500, 'Sold'], ['2006-12-27 00:00:00', 282000, 'Sold'], ['2016-07-22 00:00:00', 280000, 'Listed for sale'], ['2016-07-25 00:00:00', 280000, 'Posting removed'], ['2016-09-08 00:00:00', 262500, 'Sold']]",411.0,"['$262,500', '$280,000', '$280,000', '$282,000', '$122,500']","['Condo', 'Lot Size: 2.16 acres']",10/01/2017,https://www.trulia.com/p/il/chicago/1660-n-la-salle-dr-1607-chicago-il-60614--2103971632,26.0,1971.0,60614.0,89741,143293.0,66617,2393,"['0.7 km', '3.2 km', '0.2 km']",['4.1 km'],"['9 mins', '10 mins', '3 mins']",['21 mins'],"['WALKING', 'TRANSIT', 'WALKING']",['SUBWAY'],['Purple Line'],[41.9126678],[-87.63329870000001]
94,2394,2745 N Hampden Ct #1E,1200.0,1.0,2.0,"Chicago, IL 60614",,3.0,,"['2 Bedrooms', '1 Bathroom', 'Condo', '1,200 Square Feet']",09/28/2018,,,&lpar;Park West&rpar;,"['Condo', '2 Beds', '1 Bath', 'Built in 1918', '53 days on Trulia', '1,200 sqft', '$233/sqft', '412 views', '$400/monthly HOA']",280000.0,,233.0,,,,https://www.trulia.com/p/il/chicago/2745-n-hampden-ct-1e-chicago-il-60614--2122479682,412.0,1918.0,60614.0,89741,143293.0,66617,2394,"['1.0 km', '6.6 km', '0.2 km']",['7.8 km'],"['12 mins', '17 mins', '3 mins']",['31 mins'],"['WALKING', 'TRANSIT', 'WALKING']",['SUBWAY'],['Purple Line'],[41.93188019999999],[-87.6421287]
95,2395,2629 N Hampden Ct #410,650.0,1.0,1.0,"Chicago, IL 60614",,4.0,,"['1 Bedroom', '1 Bathroom', 'Condo', '650 Square Feet']",09/01/2018,,,&lpar;Park West&rpar;,"['Condo', '1 Bed', '1 Bath', 'Built in 1970', '34 days on Trulia', '650 sqft', '$346/sqft', '85 views', '$219/monthly HOA']",225000.0,,346.0,,,,https://www.trulia.com/p/il/chicago/2629-n-hampden-ct-410-chicago-il-60614--2103989751,85.0,1970.0,60614.0,89741,143293.0,66617,2395,"['1.2 km', '6.6 km', '0.2 km']",['8.0 km'],"['15 mins', '17 mins', '3 mins']",['34 mins'],"['WALKING', 'TRANSIT', 'WALKING']",['SUBWAY'],['Purple Line'],[41.93008450000001],[-87.6410836]
96,2396,1219 W Draper St,1200.0,3.0,8.0,"Chicago, IL 60614","['09/11/2018', '09/04/2018', '07/20/2005', '11/16/1999', '10/31/1999', '10/30/1995']",1.0,"['Posting removed', 'Listed for sale', 'Sold', 'Sold', 'Sold', 'Sold']","['8 Bedrooms', '3 Bathrooms', 'Multi-Family', '1,200 Square Feet']",10/01/2018,,,&lpar;Wrightwood Neighbors&rpar;,"['Multi-Family', '8 Beds', '3 Baths', 'Built in 1904', '31 days on Trulia', '1,200 sqft', '$749/sqft', '64 views']",899000.0,"[['1995-10-30 00:00:00', 268500, 'Sold'], ['1999-10-31 00:00:00', 410000, 'Sold'], ['1999-11-16 00:00:00', 410000, 'Sold'], ['2005-07-20 00:00:00', 747500, 'Sold'], ['2018-09-04 00:00:00', 899000, 'Listed for sale'], ['2018-09-11 00:00:00', 899000, 'Posting removed']]",749.0,"['$899,000', '$899,000', '$747,500', '$410,000', '$410,000', '$268,500']","['6 Bedrooms', '2 Bathrooms', 'Multi-Family', '3,108 Square Feet', 'Lot Size: 1,980 sqft']",10/01/2017,https://www.trulia.com/p/il/chicago/1219-w-draper-st-chicago-il-60614--1001288324,64.0,1904.0,60614.0,89741,143293.0,66617,2396,"['0.9 km', '5.8 km', '0.2 km']",['6.9 km'],"['11 mins', '12 mins', '3 mins']",['25 mins'],"['WALKING', 'TRANSIT', 'WALKING']",['SUBWAY'],['Red Line'],[41.9282245],[-87.6594317]
97,2397,2125 N Cleveland Ave,6800.0,9.0,7.0,"Chicago, IL 60614",['05/31/2017'],2.0,['Sold'],"['7 Bedrooms', '9 Bathrooms', 'Single-Family Home', '6,800 Square Feet', 'Lot Size: 3423 sqft']",10/04/2018,3423.0,sqft,&lpar;Lincoln Park&rpar;,"['Single-Family Home', '7 Beds', '9 Baths', 'Built in 2018', '2 days on Trulia', '3423 sqft lot size', '6,800 sqft', '$690/sqft', '36 views']",4695000.0,"[['2017-05-31 00:00:00', 1500000, 'Sold']]",690.0,"['$1,500,000']","['3 Bedrooms', '1.5 Bathrooms', 'Single-Family Home', '1,160 Square Feet', 'Lot Size: 3,425 sqft']",10/01/2017,https://www.trulia.com/p/il/chicago/2125-n-cleveland-ave-chicago-il-60614--2103981077,36.0,2018.0,60614.0,89741,143293.0,66617,2397,"['1.3 km', '3.2 km', '0.2 km']",['4.7 km'],"['16 mins', '10 mins', '3 mins']",['29 mins'],"['WALKING', 'TRANSIT', 'WALKING']",['SUBWAY'],['Purple Line'],[41.9208602],[-87.641285]
98,2398,2100 N Lincoln Park W #12ES,1440.0,2.0,2.0,"Chicago, IL 60614",,,,"['2 Bedrooms', '2 Bathrooms', 'Condo', '1,440 Square Feet']",10/04/2018,,,&lpar;Lincoln Park&rpar;,"['Condo', '2 Beds', '2 Baths', 'Built in 1923', '1 day on Trulia', '1,440 sqft', '$382/sqft', '7 views', '$995/monthly HOA']",550000.0,,382.0,,,,https://www.trulia.com/p/il/chicago/2100-n-lincoln-park-w-12es-chicago-il-60614--2058263886,7.0,1923.0,60614.0,89741,143293.0,66617,2398,"['1.3 km', '3.2 km', '0.2 km']",['4.8 km'],"['17 mins', '10 mins', '3 mins']",['29 mins'],"['WALKING', 'TRANSIT', 'WALKING']",['SUBWAY'],['Purple Line'],[41.9204863],[-87.6364578]
99,2399,624 W Schubert Ave #3W,1855.0,2.0,3.0,"Chicago, IL 60614",,0.0,,"['3 Bedrooms', '2 Bathrooms', 'Condo', '1,855 Square Feet']",09/28/2018,,,&lpar;Park West&rpar;,"['Condo', '3 Beds', '2 Baths', 'Built in 2007', '10 days on Trulia', '1,855 sqft', '$393/sqft', '54 views', '$408/monthly HOA']",729000.0,,393.0,,,,https://www.trulia.com/p/il/chicago/624-w-schubert-ave-3w-chicago-il-60614--2124032801,54.0,2007.0,60614.0,89741,143293.0,66617,2399,"['0.7 km', '6.6 km', '0.2 km']",['7.6 km'],"['9 mins', '17 mins', '3 mins']",['28 mins'],"['WALKING', 'TRANSIT', 'WALKING']",['SUBWAY'],['Purple Line'],[41.9316804],[-87.645555]
